wave,distance,routes,order_per_wave,robot
0,242,"[[22.75, 13.5], [20.75, 22.5], [35.75, 21.0], [35.75, 13.5], [41.0, 19.5], [45.5, 18.0], [45.5, 13.5], [47.5, 10.5], [42.25, 12.0], [26, 6.0], (0, 0), [22.75, 13.5]]",9,R1
1,254,"[[44.25, 22.5], [44.25, 15.0], [47.5, 18.0], [42.25, 13.5], [42.25, 12.0], [34.5, 9.0], [22.75, 12.0], [20.75, 9.0], (0, 0), [15.25, 10.5], [39.0, 12.0], [44.25, 22.5]]",9,R2
2,250,"[[20.75, 9.0], [20.75, 12.0], [20.75, 18.0], [20.75, 19.5], [19.5, 19.5], [19.5, 21.0], [22.75, 13.5], [35.75, 13.5], [44.25, 19.5], [47.5, 10.5], [32.5, 10.5], [15.25, 9.0], (0, 0), [20.75, 9.0]]",9,R3
3,251,"[[39.0, 9.0], [41.0, 10.5], [41.0, 15.0], [41.0, 22.5], [42.25, 18.0], [42.25, 16.5], [42.25, 15.0], [52.0, 13.5], [47.5, 10.5], [19.5, 21.0], [22.75, 16.5], (0, 0), [39.0, 9.0]]",9,R4
4,287,"[[42.25, 18.0], [44.25, 13.5], [45.5, 22.5], [47.5, 19.5], [50.75, 9.0], [41.0, 10.5], [41.0, 13.5], [39.0, 18.0], [22.75, 18.0], [22.75, 13.5], [20.75, 12.0], (0, 0), [24, 12.0], [42.25, 18.0]]",9,R5
5,215,"[[41.0, 21.0], [41.0, 15.0], [41.0, 10.5], [37.75, 10.5], [34.5, 12.0], [32.5, 10.5], [24, 10.5], (0, 0), [22.75, 13.5], [41.0, 21.0]]",9,R6
6,232,"[[41.0, 19.5], [41.0, 15.0], [32.5, 18.0], [26, 19.5], (0, 0), [28.0, 6.0], [35.75, 12.0], [47.5, 10.5], [42.25, 12.0], [41.0, 19.5]]",9,R7
7,68,"[(0, 0), [28.0, 6.0], (0, 0)]",9,R8
8,241,"[[24, 12.0], [24, 9.0], (0, 0), [15.25, 10.5], [20.75, 22.5], [35.75, 13.5], [47.5, 22.5], [48.75, 12.0], [50.75, 9.0], [44.25, 9.0], [24, 12.0]]",9,R9
9,248,"[[26, 6.0], [28.0, 12.0], [32.5, 18.0], [37.75, 21.0], [41.0, 15.0], [45.5, 15.0], [52.0, 13.5], [20.75, 18.0], (0, 0), [26, 6.0]]",9,R10
10,240,"[[47.5, 10.5], [47.5, 19.5], [44.25, 15.0], [42.25, 16.5], [39.0, 12.0], [24, 6.0], [22.75, 10.5], [22.75, 15.0], [20.75, 12.0], (0, 0), [47.5, 10.5]]",9,R1
11,182,"[[20.75, 12.0], [20.75, 13.5], [20.75, 16.5], [20.75, 22.5], [19.5, 21.0], [24, 16.5], [24, 13.5], [24, 10.5], [26, 6.0], [47.5, 9.0], (0, 0), [20.75, 12.0]]",9,R2
12,277,"[[20.75, 12.0], [20.75, 16.5], [20.75, 22.5], [19.5, 19.5], [22.75, 21.0], [22.75, 13.5], [22.75, 12.0], [24, 13.5], [45.5, 15.0], [45.5, 19.5], [47.5, 21.0], [52.0, 13.5], [48.75, 10.5], [35.75, 9.0], (0, 0), [20.75, 12.0]]",9,R3
13,74,"[(0, 0), [20.75, 16.5], (0, 0)]",9,R4
14,235,"[[22.75, 12.0], [24, 9.0], [24, 16.5], [28.0, 18.0], [32.5, 21.0], [37.75, 19.5], [45.5, 15.0], [19.5, 21.0], [20.75, 22.5], [20.75, 12.0], [19.5, 6.0], (0, 0), [22.75, 12.0]]",9,R5
15,236,"[[26, 6.0], [22.75, 13.5], [22.75, 15.0], [22.75, 19.5], [24, 16.5], [19.5, 18.0], [20.75, 12.0], (0, 0), [50.75, 9.0], [50.75, 10.5], [52.0, 9.0], [26, 6.0]]",9,R6
16,167,"[[34.5, 19.5], [35.75, 22.5], [44.25, 12.0], [47.5, 9.0], (0, 0), [34.5, 19.5]]",9,R7
17,120,"[[19.5, 16.5], [19.5, 18.0], [20.75, 22.5], [20.75, 21.0], [20.75, 16.5], [22.75, 6.0], (0, 0), [15.25, 9.0], [19.5, 16.5]]",9,R8
18,74,"[(0, 0), [20.75, 16.5], (0, 0)]",9,R9
19,142,"[[19.5, 10.5], [19.5, 16.5], [22.75, 15.0], [24, 12.0], [20.75, 22.5], [20.75, 16.5], [20.75, 10.5], (0, 0), [19.5, 10.5]]",9,R10
20,90,"[[24, 21.0], (0, 0), [24, 21.0]]",9,R1
21,243,"[[35.75, 16.5], [41.0, 10.5], [52.0, 6.0], (0, 0), [19.5, 10.5], [20.75, 22.5], [20.75, 18.0], [22.75, 13.5], [24, 10.5], [24, 12.0], [24, 19.5], [35.75, 16.5]]",9,R2
22,240,"[[19.5, 10.5], [19.5, 12.0], [19.5, 18.0], [24, 16.5], [31.25, 19.5], [41.0, 13.5], [47.5, 18.0], [47.5, 10.5], [47.5, 6.0], [48.75, 12.0], [22.75, 10.5], (0, 0), [19.5, 10.5]]",9,R3
23,153,"[[45.5, 15.0], [35.75, 21.0], [39.0, 13.5], (0, 0), [45.5, 15.0]]",9,R4
24,251,"[[41.0, 10.5], [41.0, 13.5], [52.0, 13.5], [32.5, 21.0], [26, 15.0], [24, 19.5], [24, 9.0], (0, 0), [28.0, 12.0], [34.5, 12.0], [41.0, 10.5]]",9,R5
25,174,"[[20.75, 9.0], [20.75, 10.5], [20.75, 12.0], [20.75, 13.5], [19.5, 21.0], [41.0, 18.0], [34.5, 12.0], [22.75, 6.0], [22.75, 10.5], [22.75, 12.0], (0, 0), [20.75, 9.0]]",9,R6
26,231,"[[22.75, 15.0], [19.5, 21.0], [15.25, 21.0], [15.25, 10.5], (0, 0), [20.75, 9.0], [24, 13.5], [35.75, 21.0], [44.25, 12.0], [31.25, 16.5], [22.75, 15.0]]",9,R7
27,244,"[[45.5, 22.5], [31.25, 16.5], [24, 19.5], [24, 10.5], [20.75, 9.0], [20.75, 6.0], (0, 0), [19.5, 9.0], [19.5, 21.0], [22.75, 16.5], [29.25, 13.5], [39.0, 9.0], [45.5, 22.5]]",9,R8
28,232,"[[22.75, 13.5], [22.75, 18.0], [24, 21.0], [24, 10.5], [26, 6.0], [52.0, 13.5], [32.5, 15.0], [20.75, 15.0], (0, 0), [22.75, 13.5]]",9,R9
29,141,"[(0, 0), [20.75, 18.0], [41.0, 22.5], [44.25, 21.0], (0, 0)]",9,R10
30,261,"[[26, 15.0], [26, 22.5], [24, 21.0], [24, 10.5], [24, 6.0], [22.75, 13.5], [22.75, 15.0], [22.75, 21.0], [19.5, 21.0], [20.75, 18.0], [20.75, 9.0], (0, 0), [37.75, 10.5], [47.5, 10.5], [31.25, 12.0], [26, 15.0]]",9,R1
31,259,"[[22.75, 15.0], [24, 21.0], [26, 15.0], [28.0, 18.0], [41.0, 19.5], [52.0, 13.5], [42.25, 6.0], [32.5, 6.0], [24, 6.0], (0, 0), [20.75, 9.0], [20.75, 13.5], [22.75, 15.0]]",9,R2
32,248,"[[47.5, 10.5], [47.5, 19.5], [52.0, 13.5], [39.0, 16.5], [24, 21.0], [24, 19.5], [24, 18.0], [22.75, 15.0], [20.75, 13.5], [20.75, 9.0], (0, 0), [28.0, 12.0], [47.5, 10.5]]",9,R3
33,228,"[[28.0, 15.0], [32.5, 21.0], [44.25, 21.0], [47.5, 19.5], [52.0, 12.0], [41.0, 10.5], [24, 6.0], [20.75, 9.0], (0, 0), [28.0, 15.0]]",9,R4
34,184,"[[22.75, 6.0], [24, 9.0], [31.25, 16.5], [45.5, 16.5], [15.25, 21.0], (0, 0), [22.75, 6.0]]",9,R5
35,189,"[(0, 0), [20.75, 9.0], [26, 6.0], [37.75, 6.0], [39.0, 9.0], [41.0, 10.5], [24, 21.0], [24, 9.0], (0, 0)]",9,R6
36,155,"[[47.5, 6.0], (0, 0), [20.75, 12.0], [20.75, 13.5], [32.5, 18.0], [47.5, 6.0]]",9,R7
37,248,"[[22.75, 19.5], [22.75, 13.5], [24, 18.0], [24, 9.0], [31.25, 13.5], [35.75, 19.5], [34.5, 12.0], [41.0, 10.5], (0, 0), [15.25, 10.5], [19.5, 18.0], [22.75, 19.5]]",9,R8
38,186,"[[22.75, 12.0], [22.75, 21.0], [24, 16.5], [24, 18.0], [45.5, 18.0], [45.5, 22.5], [41.0, 15.0], [41.0, 13.5], [41.0, 10.5], [39.0, 9.0], (0, 0), [22.75, 12.0]]",9,R9
39,240,"[[24, 10.5], [26, 6.0], [44.25, 9.0], [41.0, 13.5], [37.75, 13.5], [20.75, 21.0], [22.75, 13.5], [22.75, 12.0], (0, 0), [15.25, 10.5], [24, 10.5]]",9,R10
40,198,"[[47.5, 22.5], [24, 19.5], [24, 16.5], [24, 13.5], [22.75, 15.0], [22.75, 12.0], [22.75, 10.5], [22.75, 6.0], (0, 0), [20.75, 6.0], [20.75, 9.0], [20.75, 16.5], [19.5, 21.0], [19.5, 15.0], [32.5, 21.0], [47.5, 22.5]]",9,R1
41,230,"[[24, 19.5], [24, 18.0], [24, 10.5], [28.0, 9.0], [44.25, 10.5], [45.5, 22.5], [26, 18.0], [19.5, 21.0], [15.25, 10.5], (0, 0), [22.75, 12.0], [24, 19.5]]",9,R2
42,66,"[[24, 9.0], (0, 0), [24, 9.0]]",9,R3
43,230,"[(0, 0), [19.5, 12.0], [19.5, 21.0], [15.25, 21.0], [22.75, 13.5], [24, 19.5], [31.25, 19.5], [48.75, 12.0], [26, 6.0], [20.75, 6.0], (0, 0)]",9,R4
44,220,"[[47.5, 21.0], [45.5, 19.5], [35.75, 19.5], [22.75, 15.0], [22.75, 13.5], [24, 21.0], [24, 16.5], [24, 9.0], [20.75, 9.0], (0, 0), [32.5, 10.5], [37.75, 21.0], [47.5, 21.0]]",9,R5
45,257,"[[20.75, 13.5], [20.75, 12.0], (0, 0), [22.75, 12.0], [24, 12.0], [47.5, 9.0], [47.5, 10.5], [48.75, 6.0], [50.75, 10.5], [44.25, 19.5], [41.0, 15.0], [20.75, 13.5]]",9,R6
46,191,"[[19.5, 21.0], [19.5, 16.5], [20.75, 21.0], [22.75, 13.5], [22.75, 12.0], (0, 0), [24, 12.0], [24, 13.5], [24, 19.5], [24, 21.0], [45.5, 13.5], [19.5, 21.0]]",9,R7
47,307,"[[37.75, 18.0], [37.75, 13.5], [35.75, 13.5], [35.75, 21.0], [28.0, 18.0], [24, 13.5], [24, 10.5], [22.75, 6.0], [22.75, 12.0], [22.75, 15.0], [22.75, 21.0], [19.5, 21.0], [15.25, 10.5], [15.25, 6.0], (0, 0), [20.75, 12.0], [39.0, 9.0], [52.0, 13.5], [37.75, 18.0]]",9,R8
48,137,"[(0, 0), [26, 6.0], [37.75, 13.5], [24, 15.0], (0, 0)]",9,R9
49,188,"[(0, 0), [31.25, 6.0], [45.5, 12.0], [45.5, 13.5], [45.5, 22.5], [41.0, 16.5], [41.0, 15.0], [35.75, 22.5], [19.5, 21.0], [22.75, 13.5], (0, 0)]",9,R10
50,219,"[[41.0, 19.5], [41.0, 22.5], [45.5, 22.5], [45.5, 10.5], [34.5, 12.0], [31.25, 6.0], [24, 6.0], (0, 0), [22.75, 13.5], [19.5, 21.0], [24, 21.0], [41.0, 19.5]]",9,R1
51,241,"[[20.75, 9.0], [20.75, 6.0], (0, 0), [19.5, 16.5], [26, 18.0], [28.0, 22.5], [47.5, 16.5], [45.5, 10.5], [44.25, 10.5], [42.25, 12.0], [20.75, 9.0]]",9,R2
52,290,"[[31.25, 22.5], [31.25, 21.0], [24, 16.5], [24, 13.5], [19.5, 21.0], [22.75, 16.5], [22.75, 10.5], [20.75, 9.0], (0, 0), [26, 10.5], [41.0, 12.0], [44.25, 9.0], [44.25, 21.0], [45.5, 13.5], [47.5, 15.0], [31.25, 22.5]]",9,R3
53,214,"[[44.25, 10.5], [44.25, 19.5], [45.5, 12.0], [45.5, 13.5], [42.25, 15.0], [37.75, 15.0], [24, 19.5], [24, 16.5], [24, 12.0], [20.75, 6.0], (0, 0), [44.25, 10.5]]",9,R4
54,228,"[[24, 10.5], [24, 12.0], [24, 16.5], [26, 21.0], [26, 19.5], [26, 16.5], [39.0, 18.0], [41.0, 15.0], [22.75, 13.5], [19.5, 21.0], [20.75, 16.5], [20.75, 12.0], [20.75, 9.0], [15.25, 9.0], (0, 0), [24, 10.5]]",9,R5
55,66,"[[22.75, 10.5], (0, 0), [22.75, 10.5]]",9,R6
56,170,"[[41.0, 15.0], [29.25, 13.5], (0, 0), [15.25, 10.5], [22.75, 15.0], [41.0, 15.0]]",9,R7
57,101,"[[19.5, 21.0], [26, 6.0], (0, 0), [19.5, 21.0]]",9,R8
58,263,"[[22.75, 12.0], [19.5, 21.0], [24, 18.0], [26, 15.0], [37.75, 19.5], [47.5, 21.0], [44.25, 6.0], [42.25, 6.0], [34.5, 12.0], [28.0, 9.0], (0, 0), [22.75, 12.0]]",9,R9
59,164,"[[34.5, 12.0], [34.5, 18.0], [47.5, 21.0], [22.75, 10.5], (0, 0), [31.25, 6.0], [34.5, 12.0]]",9,R10
60,264,"[[20.75, 12.0], [20.75, 21.0], [19.5, 21.0], [22.75, 12.0], [22.75, 6.0], [24, 12.0], [24, 15.0], [26, 22.5], [34.5, 16.5], [41.0, 10.5], [44.25, 9.0], [39.0, 9.0], [31.25, 6.0], (0, 0), [20.75, 12.0]]",9,R1
61,202,"[(0, 0), [15.25, 10.5], [19.5, 21.0], [22.75, 18.0], [26, 18.0], [35.75, 21.0], [35.75, 18.0], [32.5, 19.5], [31.25, 12.0], [34.5, 9.0], (0, 0)]",9,R2
62,199,"[[35.75, 22.5], [35.75, 10.5], [37.75, 9.0], (0, 0), [20.75, 9.0], [20.75, 16.5], [19.5, 21.0], [19.5, 19.5], [22.75, 21.0], [45.5, 15.0], [35.75, 22.5]]",9,R3
63,127,"[[32.5, 12.0], [35.75, 22.5], [35.75, 21.0], [20.75, 9.0], (0, 0), [32.5, 12.0]]",9,R4
64,196,"[[24, 21.0], [19.5, 21.0], [15.25, 10.5], [15.25, 6.0], (0, 0), [20.75, 9.0], [20.75, 15.0], [32.5, 18.0], [42.25, 18.0], [41.0, 13.5], [24, 21.0]]",9,R5
65,184,"[[31.25, 16.5], [35.75, 22.5], [37.75, 21.0], [24, 19.5], [24, 16.5], [22.75, 15.0], [19.5, 21.0], [19.5, 13.5], (0, 0), [26, 6.0], [31.25, 16.5]]",9,R6
66,274,"[[22.75, 13.5], [22.75, 15.0], [19.5, 21.0], [35.75, 21.0], [39.0, 16.5], [41.0, 15.0], [44.25, 22.5], [44.25, 16.5], [45.5, 21.0], [45.5, 19.5], [47.5, 12.0], [26, 6.0], [24, 9.0], (0, 0), [20.75, 9.0], [22.75, 13.5]]",9,R7
67,185,"[[22.75, 6.0], [22.75, 10.5], [24, 6.0], [24, 18.0], [19.5, 21.0], [19.5, 18.0], [26, 21.0], [28.0, 15.0], [34.5, 9.0], (0, 0), [22.75, 6.0]]",9,R8
68,203,"[[24, 15.0], [24, 18.0], [35.75, 13.5], [19.5, 21.0], [19.5, 12.0], [15.25, 9.0], (0, 0), [20.75, 12.0], [22.75, 12.0], [22.75, 15.0], [22.75, 16.5], [24, 15.0]]",9,R9
69,259,"[[42.25, 16.5], [45.5, 16.5], [47.5, 19.5], [47.5, 10.5], [44.25, 12.0], [41.0, 16.5], [41.0, 9.0], (0, 0), [22.75, 13.5], [22.75, 21.0], [19.5, 21.0], [26, 15.0], [42.25, 16.5]]",9,R10
70,255,"[(0, 0), [20.75, 9.0], [26, 16.5], [41.0, 18.0], [41.0, 13.5], [47.5, 16.5], [47.5, 10.5], [44.25, 10.5], [42.25, 6.0], [39.0, 9.0], [31.25, 12.0], (0, 0)]",9,R1
71,299,"[[32.5, 9.0], [31.25, 10.5], [22.75, 6.0], [22.75, 12.0], [22.75, 13.5], [19.5, 12.0], (0, 0), [20.75, 12.0], [37.75, 13.5], [41.0, 21.0], [41.0, 15.0], [47.5, 21.0], [45.5, 15.0], [42.25, 12.0], [32.5, 9.0]]",9,R2
72,223,"[[22.75, 13.5], [22.75, 6.0], (0, 0), [20.75, 12.0], [20.75, 15.0], [15.25, 21.0], [24, 16.5], [26, 15.0], [41.0, 15.0], [41.0, 10.5], [31.25, 6.0], [22.75, 13.5]]",9,R3
73,199,"[[41.0, 22.5], [37.75, 21.0], [32.5, 21.0], [26, 13.5], [26, 10.5], [24, 6.0], [24, 13.5], [24, 16.5], [22.75, 12.0], (0, 0), [39.0, 9.0], [41.0, 22.5]]",9,R4
74,243,"[[24, 6.0], [24, 9.0], [24, 12.0], [24, 19.5], [28.0, 18.0], [37.75, 21.0], [37.75, 12.0], [52.0, 13.5], [22.75, 13.5], [19.5, 21.0], [15.25, 10.5], (0, 0), [24, 6.0]]",9,R5
75,225,"[[52.0, 13.5], [44.25, 22.5], [44.25, 21.0], [44.25, 12.0], [32.5, 6.0], (0, 0), [20.75, 12.0], [28.0, 9.0], [28.0, 16.5], [37.75, 16.5], [52.0, 13.5]]",9,R6
76,202,"[[26, 15.0], [26, 6.0], [24, 12.0], [24, 9.0], (0, 0), [20.75, 15.0], [32.5, 15.0], [44.25, 15.0], [44.25, 13.5], [26, 15.0]]",9,R7
77,203,"[[26, 21.0], [26, 19.5], [24, 18.0], [20.75, 16.5], [20.75, 12.0], [20.75, 9.0], (0, 0), [22.75, 12.0], [22.75, 13.5], [34.5, 13.5], [34.5, 12.0], [45.5, 16.5], [26, 21.0]]",9,R8
78,161,"[[29.25, 13.5], [24, 21.0], [24, 19.5], [22.75, 13.5], (0, 0), [41.0, 10.5], [29.25, 13.5]]",9,R9
79,243,"[[22.75, 12.0], [41.0, 13.5], [41.0, 15.0], [42.25, 16.5], [44.25, 12.0], [47.5, 10.5], [24, 9.0], [20.75, 12.0], (0, 0), [22.75, 12.0]]",9,R10
80,270,"[[41.0, 10.5], [41.0, 15.0], [42.25, 13.5], [39.0, 15.0], [26, 15.0], [24, 18.0], [22.75, 15.0], (0, 0), [28.0, 9.0], [29.25, 10.5], [44.25, 9.0], [41.0, 10.5]]",9,R1
81,201,"[[37.75, 21.0], [32.5, 21.0], [26, 22.5], [24, 19.5], [22.75, 12.0], (0, 0), [20.75, 12.0], [31.25, 12.0], [34.5, 10.5], [37.75, 21.0]]",9,R2
82,263,"[[20.75, 9.0], [20.75, 22.5], [24, 21.0], [24, 13.5], [32.5, 18.0], [34.5, 21.0], [45.5, 16.5], [45.5, 13.5], [52.0, 9.0], [41.0, 13.5], [26, 13.5], [26, 10.5], (0, 0), [20.75, 9.0]]",9,R3
83,74,"[[24, 13.5], (0, 0), [24, 13.5]]",9,R4
84,235,"[[26, 21.0], [19.5, 21.0], [22.75, 13.5], [22.75, 12.0], (0, 0), [44.25, 6.0], [48.75, 9.0], [45.5, 13.5], [45.5, 22.5], [42.25, 16.5], [37.75, 13.5], [26, 21.0]]",9,R5
85,130,"[(0, 0), [44.25, 21.0], (0, 0)]",9,R6
86,189,"[[19.5, 21.0], [26, 21.0], [34.5, 15.0], [34.5, 12.0], [44.25, 22.5], [37.75, 15.0], [37.75, 10.5], (0, 0), [22.75, 15.0], [19.5, 21.0]]",9,R7
87,189,"[[47.5, 6.0], [44.25, 10.5], [32.5, 22.5], [32.5, 21.0], [20.75, 21.0], [19.5, 21.0], (0, 0), [31.25, 10.5], [47.5, 6.0]]",9,R8
88,252,"[[44.25, 12.0], [44.25, 16.5], [47.5, 18.0], [41.0, 13.5], [41.0, 18.0], [35.75, 22.5], [31.25, 16.5], [19.5, 21.0], [20.75, 9.0], (0, 0), [39.0, 9.0], [42.25, 9.0], [42.25, 12.0], [44.25, 12.0]]",9,R9
89,157,"[[34.5, 9.0], [45.5, 13.5], [19.5, 21.0], (0, 0), [34.5, 9.0]]",9,R10
90,187,"[(0, 0), [20.75, 9.0], [34.5, 15.0], [41.0, 15.0], [37.75, 13.5], [24, 10.5], (0, 0)]",9,R1
91,120,"[[31.25, 13.5], [35.75, 13.5], (0, 0), [31.25, 13.5]]",9,R2
92,111,"[(0, 0), [19.5, 21.0], [31.25, 16.5], (0, 0)]",9,R3
93,179,"[[39.0, 12.0], [34.5, 15.0], [19.5, 21.0], [19.5, 19.5], [15.25, 21.0], [22.75, 12.0], (0, 0), [39.0, 12.0]]",9,R4
94,152,"[[24, 9.0], [24, 16.5], [24, 18.0], [19.5, 21.0], [22.75, 13.5], [32.5, 21.0], [32.5, 6.0], (0, 0), [24, 9.0]]",9,R5
95,127,"[[39.0, 9.0], [37.75, 21.0], (0, 0), [39.0, 9.0]]",9,R6
96,215,"[(0, 0), [20.75, 10.5], [19.5, 21.0], [32.5, 15.0], [32.5, 21.0], [34.5, 16.5], [45.5, 19.5], [44.25, 16.5], [47.5, 6.0], (0, 0)]",9,R7
97,220,"[[22.75, 12.0], [22.75, 15.0], [24, 19.5], [24, 9.0], [42.25, 6.0], [41.0, 13.5], [41.0, 15.0], [32.5, 19.5], [31.25, 12.0], [20.75, 9.0], (0, 0), [22.75, 12.0]]",9,R8
98,252,"[[34.5, 12.0], [39.0, 12.0], [42.25, 9.0], [44.25, 6.0], [45.5, 13.5], [45.5, 15.0], [41.0, 15.0], [19.5, 21.0], [24, 13.5], (0, 0), [34.5, 12.0]]",9,R9
99,183,"[[20.75, 6.0], (0, 0), [22.75, 13.5], [19.5, 21.0], [41.0, 15.0], [41.0, 16.5], [32.5, 21.0], [24, 10.5], [20.75, 6.0]]",9,R10
100,202,"[[20.75, 9.0], [20.75, 12.0], [24, 9.0], [24, 12.0], [24, 15.0], [24, 18.0], [26, 18.0], [44.25, 22.5], [42.25, 12.0], [19.5, 12.0], (0, 0), [20.75, 9.0]]",9,R1
101,245,"[[19.5, 12.0], [20.75, 13.5], [20.75, 18.0], [22.75, 13.5], [41.0, 22.5], [41.0, 15.0], [47.5, 18.0], [47.5, 21.0], [44.25, 12.0], [42.25, 12.0], (0, 0), [19.5, 12.0]]",9,R2
102,192,"[[37.75, 18.0], [22.75, 15.0], [22.75, 13.5], [22.75, 12.0], (0, 0), [20.75, 9.0], [20.75, 18.0], [24, 19.5], [24, 13.5], [42.25, 6.0], [37.75, 18.0]]",9,R3
103,136,"[[45.5, 22.5], (0, 0), [45.5, 22.5]]",9,R4
104,194,"[(0, 0), [20.75, 16.5], [20.75, 21.0], [24, 19.5], [24, 21.0], [26, 22.5], [41.0, 10.5], [50.75, 9.0], [26, 6.0], (0, 0)]",9,R5
105,282,"[[41.0, 10.5], [47.5, 9.0], [52.0, 13.5], [42.25, 15.0], [26, 22.5], [24, 19.5], [24, 9.0], [24, 6.0], [20.75, 10.5], [19.5, 12.0], (0, 0), [22.75, 12.0], [41.0, 10.5]]",9,R6
106,224,"[[26, 22.5], [26, 19.5], [20.75, 22.5], [20.75, 12.0], [20.75, 10.5], (0, 0), [22.75, 12.0], [24, 9.0], [24, 10.5], [24, 12.0], [26, 6.0], [37.75, 12.0], [42.25, 12.0], [26, 22.5]]",9,R7
107,224,"[[26, 6.0], [26, 10.5], [20.75, 12.0], (0, 0), [22.75, 12.0], [22.75, 13.5], [24, 15.0], [24, 13.5], [44.25, 21.0], [52.0, 13.5], [26, 6.0]]",9,R8
108,252,"[[26, 16.5], [26, 15.0], [26, 6.0], [24, 6.0], [24, 19.5], [22.75, 13.5], [19.5, 21.0], [20.75, 12.0], [20.75, 9.0], (0, 0), [47.5, 10.5], [47.5, 22.5], [37.75, 21.0], [28.0, 15.0], [26, 16.5]]",9,R9
109,287,"[[37.75, 12.0], [41.0, 10.5], [44.25, 10.5], [44.25, 21.0], [45.5, 15.0], [47.5, 16.5], [42.25, 16.5], [19.5, 21.0], [22.75, 13.5], (0, 0), [26, 10.5], [34.5, 6.0], [37.75, 12.0]]",9,R10
110,268,"[[37.75, 13.5], [34.5, 16.5], [24, 19.5], [24, 21.0], [19.5, 21.0], [22.75, 12.0], (0, 0), [20.75, 9.0], [47.5, 10.5], [44.25, 13.5], [44.25, 16.5], [44.25, 22.5], [42.25, 13.5], [37.75, 13.5]]",9,R1
111,206,"[[22.75, 6.0], [22.75, 13.5], [22.75, 21.0], [15.25, 21.0], [24, 19.5], [35.75, 21.0], [44.25, 22.5], [37.75, 9.0], (0, 0), [20.75, 12.0], [22.75, 6.0]]",9,R2
112,298,"[[22.75, 12.0], [24, 19.5], [24, 10.5], [26, 6.0], [26, 16.5], [26, 22.5], [31.25, 22.5], [35.75, 10.5], [39.0, 9.0], [48.75, 12.0], [29.25, 13.5], [19.5, 21.0], [20.75, 12.0], [20.75, 9.0], (0, 0), [22.75, 12.0]]",9,R3
113,254,"[[37.75, 21.0], [45.5, 21.0], [47.5, 16.5], [24, 16.5], [24, 9.0], [22.75, 13.5], [19.5, 21.0], [20.75, 13.5], (0, 0), [26, 10.5], [32.5, 12.0], [37.75, 21.0]]",9,R4
114,156,"[[20.75, 9.0], [19.5, 21.0], [24, 13.5], [26, 22.5], [34.5, 12.0], (0, 0), [20.75, 9.0]]",9,R5
115,74,"[[24, 13.5], (0, 0), [24, 13.5]]",9,R6
116,211,"[[15.25, 21.0], [19.5, 21.0], [20.75, 21.0], [22.75, 15.0], [22.75, 13.5], (0, 0), [26, 6.0], [28.0, 6.0], [39.0, 9.0], [41.0, 15.0], [15.25, 21.0]]",9,R7
117,209,"[[29.25, 10.5], [37.75, 9.0], [32.5, 19.5], [24, 19.5], [24, 18.0], [15.25, 21.0], [20.75, 18.0], [20.75, 15.0], [22.75, 13.5], [22.75, 6.0], (0, 0), [29.25, 10.5]]",9,R8
118,233,"[[39.0, 9.0], [41.0, 10.5], [37.75, 16.5], [26, 22.5], [22.75, 21.0], [20.75, 18.0], [20.75, 15.0], [15.25, 21.0], [24, 18.0], [24, 6.0], [22.75, 6.0], (0, 0), [39.0, 9.0]]",9,R9
119,155,"[(0, 0), [20.75, 18.0], [19.5, 21.0], [24, 21.0], [44.25, 9.0], (0, 0)]",9,R10
120,210,"[[20.75, 9.0], (0, 0), [22.75, 12.0], [22.75, 15.0], [19.5, 21.0], [28.0, 15.0], [32.5, 19.5], [35.75, 21.0], [37.75, 21.0], [42.25, 6.0], [20.75, 9.0]]",9,R1
121,288,"[[26, 22.5], [19.5, 21.0], [15.25, 21.0], [22.75, 21.0], [22.75, 13.5], [22.75, 12.0], [22.75, 10.5], [22.75, 6.0], [26, 6.0], [24, 6.0], [20.75, 9.0], (0, 0), [31.25, 6.0], [37.75, 13.5], [39.0, 18.0], [45.5, 22.5], [47.5, 22.5], [48.75, 12.0], [26, 22.5]]",9,R2
122,249,"[[24, 10.5], [24, 13.5], [24, 16.5], [29.25, 13.5], [32.5, 21.0], [35.75, 12.0], [39.0, 9.0], [41.0, 15.0], [15.25, 21.0], [22.75, 21.0], [22.75, 13.5], [22.75, 6.0], (0, 0), [24, 10.5]]",9,R3
123,232,"[[26, 10.5], [35.75, 12.0], [45.5, 19.5], [44.25, 22.5], [24, 21.0], [20.75, 15.0], [19.5, 21.0], [15.25, 12.0], (0, 0), [22.75, 10.5], [26, 10.5]]",9,R4
124,241,"[[44.25, 21.0], [37.75, 21.0], [31.25, 22.5], [31.25, 16.5], [24, 13.5], [19.5, 21.0], [20.75, 9.0], (0, 0), [34.5, 12.0], [52.0, 12.0], [44.25, 21.0]]",9,R5
125,104,"[(0, 0), [37.75, 15.0], (0, 0)]",9,R6
126,74,"[[22.75, 15.0], (0, 0), [22.75, 15.0]]",9,R7
127,48,"[[15.25, 9.0], (0, 0), [15.25, 9.0]]",9,R8
128,208,"[[45.5, 19.5], [37.75, 21.0], [26, 15.0], [19.5, 21.0], [22.75, 21.0], [22.75, 15.0], [22.75, 6.0], (0, 0), [20.75, 9.0], [44.25, 9.0], [45.5, 19.5]]",9,R9
129,207,"[[22.75, 13.5], [19.5, 21.0], [35.75, 22.5], [39.0, 16.5], [41.0, 15.0], [47.5, 9.0], [20.75, 6.0], (0, 0), [22.75, 13.5]]",9,R10
130,263,"[[47.5, 6.0], [50.75, 9.0], [47.5, 22.5], [41.0, 15.0], [35.75, 16.5], [34.5, 15.0], [24, 18.0], [24, 9.0], [20.75, 12.0], [20.75, 9.0], (0, 0), [39.0, 9.0], [47.5, 6.0]]",9,R1
131,188,"[[24, 6.0], [31.25, 6.0], [41.0, 10.5], [26, 19.5], [26, 22.5], [22.75, 13.5], [20.75, 12.0], [20.75, 6.0], (0, 0), [24, 6.0]]",9,R2
132,166,"[[22.75, 6.0], [22.75, 12.0], [22.75, 15.0], [20.75, 22.5], [26, 22.5], [37.75, 19.5], [41.0, 10.5], [26, 6.0], (0, 0), [22.75, 6.0]]",9,R3
133,213,"[[24, 6.0], [24, 10.5], [20.75, 9.0], (0, 0), [22.75, 13.5], [19.5, 21.0], [26, 22.5], [42.25, 16.5], [45.5, 13.5], [24, 6.0]]",9,R4
134,124,"[[22.75, 15.0], (0, 0), [37.75, 13.5], [22.75, 15.0]]",9,R5
135,249,"[[19.5, 21.0], [20.75, 22.5], [20.75, 9.0], (0, 0), [24, 6.0], [24, 13.5], [37.75, 13.5], [52.0, 13.5], [44.25, 21.0], [44.25, 15.0], [22.75, 13.5], [19.5, 21.0]]",9,R6
136,205,"[[44.25, 15.0], [44.25, 16.5], [22.75, 13.5], [19.5, 21.0], [24, 21.0], [24, 15.0], [24, 10.5], (0, 0), [47.5, 12.0], [45.5, 22.5], [44.25, 15.0]]",9,R7
137,193,"[[20.75, 9.0], [20.75, 10.5], [20.75, 6.0], [22.75, 10.5], [22.75, 13.5], [24, 13.5], [32.5, 18.0], [44.25, 9.0], (0, 0), [20.75, 9.0]]",9,R8
138,187,"[[24, 19.5], [24, 21.0], [19.5, 21.0], [26, 15.0], [42.25, 15.0], [31.25, 9.0], (0, 0), [24, 13.5], [24, 19.5]]",9,R9
139,269,"[[34.5, 12.0], [34.5, 15.0], [22.75, 15.0], [19.5, 21.0], [20.75, 9.0], (0, 0), [31.25, 9.0], [31.25, 16.5], [45.5, 18.0], [47.5, 6.0], [44.25, 6.0], [37.75, 12.0], [34.5, 12.0]]",9,R10
140,118,"[(0, 0), [47.5, 12.0], (0, 0)]",9,R1
141,80,"[[19.5, 21.0], (0, 0), [19.5, 21.0]]",9,R2
142,58,"[[20.75, 9.0], (0, 0), [20.75, 9.0]]",9,R3
143,261,"[[22.75, 13.5], [19.5, 21.0], [20.75, 12.0], [20.75, 9.0], (0, 0), [37.75, 9.0], [39.0, 9.0], [42.25, 9.0], [47.5, 16.5], [47.5, 22.5], [26, 19.5], [24, 13.5], [22.75, 13.5]]",9,R4
144,232,"[[31.25, 6.0], (0, 0), [22.75, 12.0], [19.5, 21.0], [26, 13.5], [32.5, 19.5], [44.25, 22.5], [50.75, 9.0], [37.75, 9.0], [31.25, 6.0]]",9,R5
145,102,"[[41.0, 10.5], (0, 0), [41.0, 10.5]]",9,R6
146,124,"[[37.75, 18.0], [20.75, 9.0], (0, 0), [37.75, 18.0]]",9,R7
147,298,"[[19.5, 21.0], [24, 13.5], [34.5, 13.5], [34.5, 21.0], [44.25, 15.0], [45.5, 16.5], [48.75, 12.0], [39.0, 9.0], [31.25, 12.0], (0, 0), [20.75, 9.0], [22.75, 13.5], [19.5, 21.0]]",9,R8
148,258,"[[20.75, 22.5], [19.5, 21.0], [15.25, 9.0], (0, 0), [20.75, 6.0], [24, 6.0], [24, 9.0], [26, 10.5], [47.5, 9.0], [48.75, 16.5], [31.25, 19.5], [29.25, 13.5], [20.75, 22.5]]",9,R9
149,214,"[[35.75, 19.5], [41.0, 13.5], [44.25, 21.0], [24, 19.5], [24, 12.0], [20.75, 13.5], [20.75, 9.0], (0, 0), [26, 6.0], [28.0, 6.0], [28.0, 12.0], [35.75, 19.5]]",9,R10
150,220,"[[28.0, 9.0], [28.0, 10.5], [28.0, 16.5], [26, 16.5], [26, 10.5], [24, 12.0], [22.75, 6.0], [22.75, 13.5], [22.75, 16.5], [15.25, 21.0], [20.75, 12.0], [20.75, 9.0], (0, 0), [34.5, 6.0], [28.0, 9.0]]",9,R1
151,211,"[[24, 10.5], [24, 13.5], [22.75, 13.5], [47.5, 21.0], [47.5, 16.5], [48.75, 12.0], [34.5, 12.0], [34.5, 9.0], (0, 0), [24, 10.5]]",9,R2
152,98,"[[35.75, 13.5], (0, 0), [35.75, 13.5]]",9,R3
153,262,"[[24, 19.5], [24, 10.5], [20.75, 9.0], (0, 0), [15.25, 21.0], [22.75, 15.0], [41.0, 16.5], [41.0, 13.5], [42.25, 15.0], [45.5, 13.5], [35.75, 13.5], [24, 19.5]]",9,R4
154,306,"[[15.25, 21.0], [22.75, 21.0], [24, 16.5], [24, 19.5], [37.75, 13.5], [37.75, 21.0], [45.5, 16.5], [52.0, 15.0], [48.75, 12.0], [47.5, 9.0], [35.75, 9.0], [22.75, 6.0], [22.75, 9.0], [20.75, 9.0], (0, 0), [15.25, 21.0]]",9,R5
155,238,"[[20.75, 9.0], [20.75, 15.0], [19.5, 18.0], [22.75, 21.0], [41.0, 15.0], [44.25, 15.0], [47.5, 18.0], [45.5, 10.5], [29.25, 9.0], (0, 0), [20.75, 9.0]]",9,R6
156,253,"[[22.75, 15.0], [22.75, 13.5], [22.75, 6.0], (0, 0), [15.25, 10.5], [20.75, 10.5], [20.75, 12.0], [19.5, 18.0], [35.75, 16.5], [47.5, 22.5], [47.5, 15.0], [41.0, 15.0], [28.0, 15.0], [22.75, 15.0]]",9,R7
157,243,"[(0, 0), [22.75, 12.0], [28.0, 9.0], [28.0, 15.0], [29.25, 13.5], [42.25, 12.0], [47.5, 12.0], [52.0, 10.5], (0, 0)]",9,R8
158,144,"[[41.0, 15.0], [41.0, 22.5], [37.75, 18.0], [19.5, 21.0], (0, 0), [41.0, 15.0]]",9,R9
159,218,"[(0, 0), [19.5, 9.0], [26, 6.0], [28.0, 6.0], [41.0, 10.5], [42.25, 13.5], [22.75, 18.0], [22.75, 15.0], [22.75, 13.5], [22.75, 12.0], [20.75, 12.0], (0, 0)]",9,R10
160,283,"[[26, 6.0], [26, 16.5], [24, 19.5], [22.75, 15.0], [22.75, 12.0], [22.75, 6.0], [20.75, 9.0], (0, 0), [19.5, 12.0], [19.5, 21.0], [37.75, 13.5], [41.0, 13.5], [47.5, 19.5], [47.5, 10.5], [42.25, 9.0], [26, 6.0]]",9,R1
161,143,"[[28.0, 9.0], [28.0, 15.0], [32.5, 19.5], [22.75, 21.0], [22.75, 13.5], [22.75, 12.0], (0, 0), [20.75, 9.0], [20.75, 10.5], [28.0, 9.0]]",9,R2
162,237,"[[31.25, 16.5], [26, 15.0], [26, 21.0], [24, 13.5], [24, 9.0], [22.75, 6.0], [22.75, 13.5], [22.75, 15.0], [15.25, 21.0], [20.75, 12.0], [20.75, 9.0], (0, 0), [41.0, 9.0], [35.75, 22.5], [31.25, 16.5]]",9,R3
163,269,"[[22.75, 12.0], [22.75, 15.0], [22.75, 21.0], [28.0, 15.0], [32.5, 18.0], [37.75, 21.0], [41.0, 18.0], [47.5, 21.0], [47.5, 10.5], [48.75, 12.0], [42.25, 12.0], [20.75, 9.0], [20.75, 10.5], [20.75, 12.0], (0, 0), [22.75, 12.0]]",9,R4
164,274,"[[28.0, 15.0], [22.75, 21.0], [19.5, 12.0], (0, 0), [20.75, 9.0], [24, 10.5], [24, 12.0], [29.25, 9.0], [39.0, 9.0], [47.5, 10.5], [44.25, 22.5], [37.75, 13.5], [28.0, 15.0]]",9,R5
165,114,"[(0, 0), [42.25, 15.0], (0, 0)]",9,R6
166,126,"[[22.75, 15.0], [20.75, 22.5], [34.5, 12.0], (0, 0), [22.75, 15.0]]",9,R7
167,191,"[(0, 0), [20.75, 6.0], [20.75, 10.5], [20.75, 18.0], [24, 19.5], [24, 21.0], [22.75, 13.5], [22.75, 12.0], [26, 6.0], [48.75, 12.0], (0, 0)]",9,R8
168,223,"[[20.75, 9.0], [20.75, 10.5], [22.75, 12.0], [22.75, 18.0], [24, 21.0], [24, 19.5], [24, 12.0], [24, 6.0], [28.0, 9.0], [37.75, 13.5], [19.5, 18.0], [15.25, 10.5], (0, 0), [20.75, 9.0]]",9,R9
169,245,"[(0, 0), [24, 6.0], [24, 16.5], [22.75, 13.5], [15.25, 21.0], [26, 21.0], [41.0, 22.5], [50.75, 9.0], [34.5, 9.0], [20.75, 6.0], [20.75, 9.0], (0, 0)]",9,R10
170,223,"[[47.5, 9.0], [52.0, 6.0], [52.0, 13.5], [37.75, 16.5], [31.25, 16.5], [26, 22.5], [22.75, 15.0], [22.75, 13.5], [22.75, 6.0], (0, 0), [20.75, 9.0], [47.5, 9.0]]",9,R1
171,259,"[[44.25, 6.0], [44.25, 15.0], [42.25, 16.5], [37.75, 15.0], [26, 16.5], [19.5, 21.0], [22.75, 13.5], (0, 0), [28.0, 6.0], [28.0, 12.0], [47.5, 12.0], [44.25, 6.0]]",9,R2
172,180,"[[20.75, 9.0], [20.75, 10.5], [20.75, 12.0], [20.75, 15.0], [19.5, 19.5], [31.25, 19.5], [34.5, 12.0], [34.5, 9.0], [24, 9.0], [22.75, 12.0], (0, 0), [20.75, 9.0]]",9,R3
173,272,"[[41.0, 10.5], [39.0, 9.0], [34.5, 9.0], [34.5, 12.0], [24, 19.5], [22.75, 18.0], [19.5, 21.0], [20.75, 9.0], (0, 0), [45.5, 12.0], [45.5, 21.0], [47.5, 22.5], [48.75, 12.0], [41.0, 10.5]]",9,R4
174,132,"[[24, 13.5], [24, 15.0], [24, 16.5], [24, 19.5], [24, 21.0], [26, 22.5], [26, 15.0], [19.5, 21.0], [22.75, 15.0], (0, 0), [24, 13.5]]",9,R5
175,257,"[[19.5, 9.0], [19.5, 21.0], [22.75, 19.5], [22.75, 13.5], [24, 19.5], [24, 6.0], [26, 10.5], [26, 16.5], [35.75, 13.5], [47.5, 12.0], [20.75, 6.0], [20.75, 10.5], (0, 0), [19.5, 9.0]]",9,R6
176,265,"[[45.5, 13.5], [44.25, 21.0], [35.75, 21.0], [28.0, 15.0], [22.75, 21.0], [19.5, 21.0], [15.25, 21.0], (0, 0), [22.75, 6.0], [24, 9.0], [29.25, 10.5], [47.5, 12.0], [45.5, 13.5]]",9,R7
177,141,"[[26, 16.5], [15.25, 21.0], (0, 0), [37.75, 12.0], [26, 16.5]]",9,R8
178,189,"[[20.75, 13.5], [19.5, 21.0], [24, 21.0], [24, 13.5], [35.75, 22.5], [52.0, 13.5], (0, 0), [20.75, 13.5]]",9,R9
179,86,"[(0, 0), [24, 19.5], (0, 0)]",9,R10
180,138,"[(0, 0), [22.75, 6.0], [26, 10.5], [19.5, 21.0], [15.25, 21.0], [20.75, 12.0], (0, 0)]",9,R1
181,64,"[(0, 0), [20.75, 12.0], (0, 0)]",9,R2
182,238,"[[24, 18.0], [22.75, 13.5], [22.75, 6.0], (0, 0), [20.75, 12.0], [19.5, 21.0], [19.5, 19.5], [15.25, 21.0], [26, 12.0], [37.75, 6.0], [44.25, 16.5], [24, 18.0]]",9,R3
183,114,"[(0, 0), [45.5, 12.0], (0, 0)]",9,R4
184,130,"[(0, 0), [22.75, 6.0], [22.75, 13.5], [19.5, 21.0], [24, 16.5], [24, 18.0], [24, 19.5], [26, 13.5], [26, 6.0], (0, 0)]",9,R5
185,105,"[(0, 0), [20.75, 9.0], [26, 22.5], [22.75, 13.5], (0, 0)]",9,R6
186,221,"[[34.5, 12.0], [34.5, 16.5], [37.75, 21.0], [41.0, 10.5], [39.0, 9.0], [32.5, 12.0], [28.0, 22.5], [28.0, 15.0], [20.75, 9.0], (0, 0), [34.5, 12.0]]",9,R7
187,229,"[[37.75, 13.5], [37.75, 10.5], [24, 10.5], [24, 12.0], (0, 0), [20.75, 6.0], [20.75, 9.0], [20.75, 13.5], [20.75, 22.5], [19.5, 21.0], [15.25, 21.0], [22.75, 21.0], [22.75, 16.5], [22.75, 13.5], [26, 18.0], [44.25, 21.0], [37.75, 13.5]]",9,R8
188,215,"[[35.75, 21.0], [26, 22.5], [24, 21.0], [24, 13.5], [19.5, 21.0], [20.75, 10.5], [20.75, 9.0], (0, 0), [22.75, 9.0], [47.5, 9.0], [47.5, 12.0], [44.25, 19.5], [35.75, 21.0]]",9,R9
189,242,"[[15.25, 10.5], [19.5, 18.0], [19.5, 21.0], [26, 22.5], [28.0, 16.5], [28.0, 15.0], [28.0, 6.0], [32.5, 6.0], [32.5, 9.0], [32.5, 16.5], [32.5, 18.0], [37.75, 21.0], [41.0, 15.0], [39.0, 9.0], [20.75, 10.5], [20.75, 9.0], (0, 0), [15.25, 10.5]]",9,R10
190,208,"[[22.75, 13.5], [26, 22.5], [28.0, 15.0], [37.75, 21.0], [35.75, 18.0], [24, 16.5], [24, 13.5], [26, 6.0], (0, 0), [20.75, 6.0], [20.75, 12.0], [22.75, 13.5]]",9,R1
191,222,"[[39.0, 9.0], [34.5, 12.0], [37.75, 21.0], [32.5, 18.0], [24, 21.0], [22.75, 15.0], [20.75, 21.0], [20.75, 10.5], [20.75, 9.0], (0, 0), [15.25, 12.0], [39.0, 9.0]]",9,R2
192,125,"[[34.5, 13.5], [37.75, 16.5], (0, 0), [34.5, 13.5]]",9,R3
193,236,"[[19.5, 21.0], [24, 19.5], [31.25, 21.0], [31.25, 22.5], [44.25, 10.5], [48.75, 10.5], [41.0, 10.5], [20.75, 9.0], [20.75, 6.0], (0, 0), [22.75, 12.0], [22.75, 15.0], [19.5, 21.0]]",9,R4
194,254,"[[45.5, 13.5], [52.0, 13.5], [41.0, 15.0], [35.75, 15.0], [24, 18.0], [24, 10.5], [22.75, 6.0], [22.75, 10.5], (0, 0), [26, 10.5], [45.5, 13.5]]",9,R5
195,189,"[[26, 15.0], [24, 19.5], [24, 16.5], [15.25, 10.5], [15.25, 6.0], (0, 0), [22.75, 6.0], [28.0, 9.0], [37.75, 13.5], [26, 15.0]]",9,R6
196,146,"[[19.5, 21.0], [20.75, 21.0], [24, 19.5], [34.5, 19.5], [22.75, 13.5], (0, 0), [19.5, 21.0]]",9,R7
197,151,"[(0, 0), [19.5, 21.0], [26, 16.5], [32.5, 18.0], [35.75, 10.5], (0, 0)]",9,R8
198,172,"[[42.25, 9.0], [41.0, 15.0], [37.75, 21.0], [24, 18.0], [24, 21.0], [19.5, 21.0], (0, 0), [42.25, 9.0]]",9,R9
199,201,"[(0, 0), [20.75, 6.0], [20.75, 9.0], [22.75, 13.5], [19.5, 21.0], [44.25, 18.0], [45.5, 22.5], [39.0, 18.0], [39.0, 9.0], [24, 6.0], (0, 0)]",9,R10
200,212,"[(0, 0), [20.75, 6.0], [28.0, 9.0], [39.0, 9.0], [41.0, 10.5], [31.25, 18.0], [26, 22.5], [19.5, 21.0], [24, 21.0], [24, 13.5], (0, 0)]",9,R1
201,236,"[[20.75, 12.0], [19.5, 21.0], [26, 15.0], [35.75, 18.0], [37.75, 13.5], [39.0, 9.0], [34.5, 13.5], [22.75, 15.0], [22.75, 12.0], (0, 0), [20.75, 12.0]]",9,R2
202,242,"[[19.5, 12.0], [19.5, 21.0], [22.75, 13.5], [22.75, 12.0], [31.25, 21.0], [41.0, 15.0], [45.5, 13.5], [42.25, 12.0], [32.5, 6.0], [20.75, 9.0], (0, 0), [19.5, 12.0]]",9,R3
203,248,"[[47.5, 12.0], [52.0, 6.0], [42.25, 12.0], [42.25, 15.0], [37.75, 21.0], [35.75, 13.5], [19.5, 21.0], [20.75, 9.0], [20.75, 6.0], (0, 0), [22.75, 10.5], [47.5, 12.0]]",9,R4
204,188,"[[19.5, 21.0], [22.75, 15.0], [22.75, 13.5], [20.75, 9.0], (0, 0), [42.25, 12.0], [37.75, 21.0], [34.5, 16.5], [19.5, 21.0]]",9,R5
205,202,"[[32.5, 21.0], [34.5, 22.5], [44.25, 16.5], [47.5, 10.5], (0, 0), [20.75, 9.0], [20.75, 15.0], [22.75, 13.5], [24, 21.0], [32.5, 21.0]]",9,R6
206,143,"[(0, 0), [20.75, 9.0], [20.75, 10.5], [19.5, 21.0], [31.25, 22.5], [34.5, 12.0], [32.5, 6.0], (0, 0)]",9,R7
207,237,"[[20.75, 6.0], (0, 0), [24, 13.5], [19.5, 21.0], [35.75, 22.5], [37.75, 18.0], [52.0, 10.5], [34.5, 9.0], [32.5, 10.5], [20.75, 6.0]]",9,R8
208,145,"[[24, 21.0], [45.5, 22.5], [20.75, 9.0], (0, 0), [24, 21.0]]",9,R9
209,90,"[(0, 0), [20.75, 9.0], [19.5, 21.0], (0, 0)]",9,R10
210,229,"[(0, 0), [31.25, 6.0], [31.25, 16.5], [41.0, 15.0], [44.25, 19.5], [52.0, 13.5], [35.75, 21.0], [24, 21.0], [19.5, 21.0], [20.75, 9.0], (0, 0)]",9,R1
211,199,"[[20.75, 9.0], [20.75, 10.5], [19.5, 21.0], [32.5, 21.0], [37.75, 15.0], [37.75, 13.5], [44.25, 22.5], [47.5, 21.0], [47.5, 12.0], [32.5, 6.0], (0, 0), [20.75, 9.0]]",9,R2
212,271,"[[26, 15.0], [24, 21.0], [24, 13.5], [24, 10.5], [22.75, 12.0], [19.5, 21.0], [20.75, 15.0], [20.75, 12.0], [20.75, 9.0], (0, 0), [47.5, 12.0], [41.0, 15.0], [35.75, 22.5], [35.75, 19.5], [34.5, 15.0], [26, 15.0]]",9,R3
213,240,"[(0, 0), [22.75, 9.0], [22.75, 12.0], [19.5, 21.0], [20.75, 18.0], [24, 21.0], [34.5, 13.5], [39.0, 16.5], [47.5, 12.0], [26, 10.5], (0, 0)]",9,R4
214,273,"[[26, 16.5], [31.25, 22.5], [31.25, 12.0], [34.5, 13.5], [37.75, 13.5], [41.0, 10.5], [22.75, 12.0], [20.75, 9.0], (0, 0), [19.5, 15.0], [15.25, 21.0], [26, 16.5]]",9,R5
215,268,"[[20.75, 13.5], [20.75, 15.0], [19.5, 21.0], [22.75, 13.5], [32.5, 19.5], [34.5, 19.5], [37.75, 12.0], [47.5, 12.0], [50.75, 9.0], [24, 12.0], (0, 0), [20.75, 13.5]]",9,R6
216,276,"[[44.25, 22.5], [45.5, 19.5], [47.5, 12.0], [47.5, 10.5], [44.25, 6.0], [39.0, 9.0], [34.5, 12.0], [32.5, 6.0], (0, 0), [22.75, 13.5], [22.75, 15.0], [15.25, 21.0], [19.5, 21.0], [24, 13.5], [44.25, 22.5]]",9,R7
217,191,"[[20.75, 6.0], [20.75, 9.0], [19.5, 21.0], [26, 21.0], [37.75, 21.0], [47.5, 12.0], [24, 6.0], [15.25, 6.0], (0, 0), [20.75, 6.0]]",9,R8
218,224,"[(0, 0), [34.5, 15.0], [34.5, 9.0], [39.0, 9.0], [47.5, 9.0], [47.5, 10.5], [52.0, 13.5], [45.5, 22.5], [19.5, 21.0], (0, 0)]",9,R9
219,166,"[[42.25, 9.0], [41.0, 22.5], [32.5, 18.0], [24, 21.0], [19.5, 21.0], [15.25, 10.5], (0, 0), [42.25, 9.0]]",9,R10
220,285,"[[26, 12.0], [26, 6.0], [37.75, 12.0], [45.5, 10.5], [44.25, 21.0], [39.0, 15.0], [24, 16.5], [20.75, 21.0], [20.75, 16.5], [20.75, 12.0], (0, 0), [15.25, 12.0], [19.5, 21.0], [22.75, 13.5], [22.75, 12.0], [26, 12.0]]",9,R1
221,86,"[(0, 0), [20.75, 22.5], (0, 0)]",9,R2
222,185,"[[22.75, 10.5], [24, 18.0], [24, 19.5], [24, 21.0], [26, 15.0], [37.75, 12.0], [32.5, 6.0], [20.75, 9.0], (0, 0), [22.75, 10.5]]",9,R3
223,177,"[[47.5, 21.0], [31.25, 13.5], [29.25, 6.0], (0, 0), [22.75, 12.0], [19.5, 21.0], [47.5, 21.0]]",9,R4
224,278,"[[19.5, 21.0], [20.75, 6.0], (0, 0), [22.75, 6.0], [26, 6.0], [31.25, 10.5], [31.25, 16.5], [35.75, 16.5], [44.25, 22.5], [42.25, 13.5], [52.0, 9.0], [39.0, 12.0], [19.5, 21.0]]",9,R5
225,80,"[(0, 0), [19.5, 21.0], (0, 0)]",9,R6
226,131,"[[28.0, 18.0], [41.0, 16.5], (0, 0), [28.0, 18.0]]",9,R7
227,216,"[[35.75, 21.0], [35.75, 13.5], [31.25, 22.5], [31.25, 16.5], [19.5, 21.0], [22.75, 13.5], [22.75, 12.0], (0, 0), [24, 10.5], [47.5, 12.0], [35.75, 21.0]]",9,R8
228,249,"[[22.75, 10.5], [19.5, 21.0], [31.25, 16.5], [45.5, 22.5], [47.5, 12.0], [44.25, 10.5], [39.0, 9.0], [37.75, 6.0], [24, 10.5], (0, 0), [22.75, 10.5]]",9,R9
229,124,"[(0, 0), [19.5, 21.0], [37.75, 21.0], (0, 0)]",9,R10
230,217,"[[48.75, 12.0], [41.0, 15.0], [34.5, 19.5], [34.5, 13.5], [32.5, 22.5], [24, 18.0], [19.5, 21.0], [20.75, 12.0], [20.75, 9.0], (0, 0), [48.75, 12.0]]",9,R1
231,80,"[[19.5, 21.0], (0, 0), [19.5, 21.0]]",9,R2
232,104,"[(0, 0), [34.5, 18.0], (0, 0)]",9,R3
233,306,"[[48.75, 9.0], [45.5, 19.5], [37.75, 21.0], [37.75, 13.5], [28.0, 22.5], [24, 21.0], [24, 13.5], [24, 6.0], [20.75, 9.0], (0, 0), [22.75, 12.0], [19.5, 21.0], [26, 13.5], [35.75, 10.5], [39.0, 12.0], [48.75, 9.0]]",9,R4
234,68,"[[19.5, 15.0], (0, 0), [19.5, 15.0]]",9,R5
235,245,"[[22.75, 15.0], [19.5, 21.0], [19.5, 18.0], [20.75, 9.0], (0, 0), [26, 6.0], [28.0, 9.0], [34.5, 16.5], [35.75, 16.5], [48.75, 16.5], [22.75, 15.0]]",9,R6
236,134,"[[35.75, 13.5], [19.5, 21.0], [22.75, 10.5], (0, 0), [35.75, 13.5]]",9,R7
237,207,"[[22.75, 12.0], [19.5, 21.0], [24, 12.0], [24, 13.5], [31.25, 16.5], [39.0, 18.0], [32.5, 9.0], [20.75, 6.0], (0, 0), [22.75, 12.0]]",9,R8
238,247,"[[44.25, 15.0], [35.75, 22.5], [31.25, 19.5], [22.75, 18.0], [19.5, 21.0], [20.75, 15.0], [20.75, 9.0], (0, 0), [24, 6.0], [34.5, 6.0], [37.75, 10.5], [47.5, 9.0], [47.5, 18.0], [44.25, 15.0]]",9,R9
239,231,"[[15.25, 21.0], [19.5, 21.0], [22.75, 21.0], [24, 19.5], [32.5, 21.0], [44.25, 21.0], [45.5, 21.0], [45.5, 19.5], [45.5, 15.0], [47.5, 6.0], [39.0, 9.0], [20.75, 9.0], [20.75, 6.0], (0, 0), [15.25, 21.0]]",9,R10
240,239,"[[34.5, 6.0], [44.25, 10.5], [44.25, 22.5], [45.5, 18.0], [45.5, 13.5], [45.5, 12.0], [52.0, 13.5], [26, 15.0], [26, 18.0], [20.75, 21.0], [19.5, 21.0], (0, 0), [34.5, 6.0]]",9,R1
241,231,"[[44.25, 22.5], [42.25, 16.5], [24, 18.0], [24, 16.5], [24, 21.0], [19.5, 21.0], [22.75, 13.5], [20.75, 9.0], (0, 0), [28.0, 6.0], [31.25, 9.0], [32.5, 18.0], [44.25, 22.5]]",9,R2
242,116,"[[52.0, 6.0], (0, 0), [52.0, 6.0]]",9,R3
243,251,"[[19.5, 12.0], [19.5, 21.0], [37.75, 21.0], [41.0, 16.5], [44.25, 16.5], [45.5, 13.5], [48.75, 21.0], [47.5, 10.5], [32.5, 9.0], [20.75, 9.0], (0, 0), [19.5, 12.0]]",9,R4
244,136,"[(0, 0), [45.5, 22.5], (0, 0)]",9,R5
245,80,"[(0, 0), [19.5, 21.0], (0, 0)]",9,R6
246,205,"[(0, 0), [22.75, 12.0], [19.5, 21.0], [44.25, 16.5], [50.75, 12.0], [31.25, 6.0], [26, 6.0], (0, 0)]",9,R7
247,254,"[[15.25, 10.5], (0, 0), [20.75, 9.0], [52.0, 12.0], [52.0, 10.5], [45.5, 10.5], [45.5, 15.0], [47.5, 21.0], [44.25, 18.0], [41.0, 15.0], [24, 16.5], [15.25, 10.5]]",9,R8
248,217,"[[15.25, 12.0], (0, 0), [20.75, 9.0], [24, 9.0], [34.5, 9.0], [41.0, 13.5], [41.0, 15.0], [26, 19.5], [22.75, 13.5], [15.25, 12.0]]",9,R9
249,145,"[[31.25, 6.0], [22.75, 13.5], (0, 0), [47.5, 6.0], [31.25, 6.0]]",9,R10
250,311,"[[24, 9.0], [24, 12.0], [26, 6.0], [26, 16.5], [28.0, 18.0], [35.75, 21.0], [45.5, 19.5], [47.5, 21.0], [47.5, 9.0], [41.0, 10.5], [41.0, 15.0], [37.75, 13.5], [32.5, 10.5], [15.25, 6.0], [15.25, 10.5], (0, 0), [22.75, 12.0], [24, 9.0]]",9,R1
251,246,"[[45.5, 10.5], [45.5, 13.5], [45.5, 22.5], [44.25, 16.5], [34.5, 16.5], [31.25, 18.0], [26, 15.0], [24, 21.0], [22.75, 13.5], [19.5, 21.0], [20.75, 18.0], [20.75, 9.0], (0, 0), [45.5, 10.5]]",9,R2
252,80,"[[19.5, 21.0], (0, 0), [19.5, 21.0]]",9,R3
253,72,"[[24, 12.0], (0, 0), [24, 12.0]]",9,R4
254,76,"[[26, 12.0], (0, 0), [26, 12.0]]",9,R5
255,82,"[[26, 15.0], (0, 0), [26, 15.0]]",9,R6
256,236,"[[26, 16.5], [31.25, 16.5], [37.75, 21.0], [47.5, 12.0], [47.5, 9.0], [28.0, 9.0], [22.75, 9.0], [22.75, 12.0], [22.75, 6.0], (0, 0), [20.75, 9.0], [20.75, 12.0], [19.5, 21.0], [26, 16.5]]",9,R7
257,216,"[[15.25, 21.0], [20.75, 12.0], (0, 0), [24, 9.0], [31.25, 6.0], [47.5, 10.5], [45.5, 16.5], [22.75, 21.0], [15.25, 21.0]]",9,R8
258,140,"[(0, 0), [47.5, 22.5], (0, 0)]",9,R9
259,92,"[[28.0, 18.0], (0, 0), [28.0, 18.0]]",9,R10
260,195,"[(0, 0), [47.5, 6.0], [45.5, 15.0], [41.0, 13.5], [35.75, 22.5], [32.5, 9.0], [24, 6.0], (0, 0)]",9,R1
261,224,"[[35.75, 12.0], [47.5, 6.0], [50.75, 12.0], [45.5, 15.0], [41.0, 15.0], [24, 16.5], [24, 10.5], (0, 0), [35.75, 12.0]]",9,R2
262,201,"[[32.5, 6.0], [32.5, 10.5], [32.5, 15.0], [50.75, 13.5], [47.5, 19.5], [44.25, 15.0], [41.0, 15.0], [41.0, 10.5], (0, 0), [32.5, 6.0]]",9,R3
263,267,"[[41.0, 15.0], [39.0, 13.5], [35.75, 21.0], [32.5, 18.0], [32.5, 6.0], [29.25, 6.0], [29.25, 13.5], (0, 0), [44.25, 9.0], [50.75, 10.5], [52.0, 13.5], [41.0, 15.0]]",9,R4
264,246,"[[41.0, 10.5], [44.25, 10.5], [47.5, 6.0], [45.5, 10.5], [42.25, 18.0], [22.75, 19.5], (0, 0), [24, 6.0], [34.5, 12.0], [41.0, 10.5]]",9,R5
265,216,"[[20.75, 18.0], [34.5, 21.0], [41.0, 15.0], [47.5, 21.0], [45.5, 15.0], [45.5, 12.0], [44.25, 10.5], [24, 9.0], [24, 6.0], (0, 0), [20.75, 18.0]]",9,R6
266,249,"[[22.75, 10.5], [22.75, 13.5], [19.5, 18.0], [24, 12.0], [26, 10.5], [26, 13.5], [28.0, 18.0], [47.5, 22.5], [41.0, 10.5], [32.5, 6.0], [32.5, 9.0], (0, 0), [22.75, 10.5]]",9,R7
267,134,"[[42.25, 15.0], [20.75, 10.5], (0, 0), [42.25, 15.0]]",9,R8
268,259,"[[42.25, 12.0], [41.0, 9.0], [41.0, 13.5], [37.75, 21.0], [22.75, 13.5], [19.5, 16.5], [15.25, 10.5], (0, 0), [44.25, 12.0], [47.5, 15.0], [42.25, 12.0]]",9,R9
269,179,"[[35.75, 13.5], [41.0, 15.0], [45.5, 15.0], [42.25, 12.0], (0, 0), [35.75, 13.5]]",9,R10
270,203,"[[44.25, 10.5], [44.25, 12.0], [47.5, 22.5], [42.25, 16.5], [41.0, 15.0], [24, 15.0], [22.75, 12.0], (0, 0), [44.25, 10.5]]",9,R1
271,247,"[[50.75, 9.0], [48.75, 10.5], [45.5, 15.0], [45.5, 13.5], [42.25, 6.0], [41.0, 10.5], [41.0, 15.0], [39.0, 15.0], [28.0, 12.0], (0, 0), [50.75, 9.0]]",9,R2
272,245,"[[22.75, 13.5], [22.75, 15.0], [26, 15.0], [45.5, 18.0], [47.5, 9.0], [48.75, 6.0], [41.0, 10.5], [34.5, 10.5], [24, 6.0], (0, 0), [22.75, 13.5]]",9,R3
273,247,"[[19.5, 9.0], [24, 6.0], [24, 15.0], [39.0, 16.5], [41.0, 15.0], [41.0, 16.5], [41.0, 18.0], [42.25, 15.0], [44.25, 18.0], [47.5, 9.0], [35.75, 9.0], (0, 0), [19.5, 9.0]]",9,R4
274,239,"[[41.0, 13.5], [41.0, 15.0], [41.0, 18.0], [26, 22.5], [22.75, 13.5], [19.5, 19.5], [15.25, 10.5], (0, 0), [37.75, 12.0], [39.0, 12.0], [44.25, 9.0], [41.0, 13.5]]",9,R5
275,233,"[[47.5, 18.0], [47.5, 13.5], [47.5, 21.0], [45.5, 12.0], [34.5, 12.0], (0, 0), [15.25, 10.5], [22.75, 10.5], [22.75, 13.5], [41.0, 13.5], [47.5, 18.0]]",9,R6
276,276,"[[26, 15.0], [26, 6.0], [24, 9.0], [24, 10.5], (0, 0), [19.5, 9.0], [20.75, 13.5], [20.75, 9.0], [39.0, 9.0], [41.0, 10.5], [41.0, 15.0], [44.25, 15.0], [52.0, 13.5], [26, 15.0]]",9,R7
277,209,"[[20.75, 15.0], [19.5, 19.5], [24, 22.5], [41.0, 15.0], [41.0, 13.5], [47.5, 21.0], [50.75, 9.0], [26, 6.0], (0, 0), [20.75, 15.0]]",9,R8
278,200,"[[22.75, 13.5], [24, 21.0], [24, 16.5], [44.25, 21.0], [41.0, 15.0], [32.5, 12.0], (0, 0), [15.25, 10.5], [22.75, 13.5]]",9,R9
279,266,"[[24, 10.5], [24, 21.0], [26, 15.0], [41.0, 15.0], [42.25, 16.5], [47.5, 21.0], [44.25, 16.5], [44.25, 10.5], [50.75, 6.0], [32.5, 6.0], [22.75, 12.0], (0, 0), [24, 10.5]]",9,R10
280,218,"[[22.75, 6.0], [22.75, 12.0], [22.75, 13.5], [24, 18.0], [28.0, 15.0], [37.75, 12.0], [26, 15.0], [20.75, 13.5], [19.5, 9.0], (0, 0), [22.75, 6.0]]",9,R1
281,229,"[[24, 12.0], [24, 21.0], [22.75, 22.5], [22.75, 13.5], [20.75, 12.0], (0, 0), [29.25, 10.5], [41.0, 10.5], [37.75, 21.0], [28.0, 12.0], [24, 12.0]]",9,R2
282,152,"[(0, 0), [20.75, 9.0], [24, 9.0], [41.0, 22.5], [22.75, 12.0], (0, 0)]",9,R3
283,182,"[[22.75, 12.0], [22.75, 13.5], [24, 16.5], [41.0, 18.0], [41.0, 15.0], [26, 6.0], [20.75, 12.0], (0, 0), [22.75, 12.0]]",9,R4
284,66,"[(0, 0), [24, 9.0], (0, 0)]",9,R5
285,235,"[[22.75, 13.5], [28.0, 21.0], [45.5, 16.5], [41.0, 16.5], [41.0, 10.5], [32.5, 6.0], [26, 6.0], [20.75, 12.0], (0, 0), [24, 10.5], [24, 12.0], [24, 19.5], [22.75, 13.5]]",9,R6
286,263,"[[41.0, 13.5], [34.5, 16.5], [26, 13.5], [26, 12.0], [24, 18.0], [24, 10.5], [24, 9.0], [20.75, 10.5], (0, 0), [39.0, 9.0], [50.75, 9.0], [44.25, 19.5], [41.0, 13.5]]",9,R7
287,224,"[[28.0, 12.0], [24, 16.5], [22.75, 13.5], [19.5, 18.0], [20.75, 12.0], (0, 0), [48.75, 12.0], [28.0, 12.0]]",9,R8
288,124,"[[37.75, 18.0], [22.75, 13.5], (0, 0), [37.75, 18.0]]",9,R9
289,232,"[[20.75, 10.5], [20.75, 16.5], [22.75, 12.0], [22.75, 6.0], [24, 6.0], [26, 10.5], [26, 16.5], [35.75, 21.0], [37.75, 18.0], [47.5, 22.5], [39.0, 9.0], (0, 0), [20.75, 10.5]]",9,R10
290,237,"[[19.5, 9.0], [19.5, 13.5], [20.75, 21.0], [22.75, 22.5], [22.75, 13.5], [24, 21.0], [28.0, 21.0], [41.0, 15.0], [32.5, 6.0], [26, 6.0], [24, 9.0], [15.25, 10.5], (0, 0), [19.5, 9.0]]",9,R1
291,275,"[[15.25, 10.5], (0, 0), [22.75, 12.0], [32.5, 9.0], [35.75, 13.5], [35.75, 21.0], [41.0, 13.5], [42.25, 18.0], [45.5, 16.5], [44.25, 15.0], [47.5, 9.0], [15.25, 10.5]]",9,R2
292,219,"[(0, 0), [20.75, 10.5], [24, 9.0], [24, 12.0], [24, 13.5], [24, 16.5], [26, 15.0], [35.75, 13.5], [42.25, 12.0], [22.75, 12.0], (0, 0)]",9,R3
293,226,"[[20.75, 9.0], [20.75, 22.5], [22.75, 18.0], [22.75, 13.5], [24, 15.0], [24, 6.0], [26, 12.0], [41.0, 10.5], [44.25, 12.0], (0, 0), [20.75, 9.0]]",9,R4
294,250,"[(0, 0), [20.75, 10.5], [28.0, 6.0], [39.0, 9.0], [47.5, 22.5], [48.75, 16.5], [41.0, 18.0], [34.5, 16.5], [24, 16.5], [24, 15.0], [15.25, 12.0], (0, 0)]",9,R5
295,198,"[[26, 21.0], [20.75, 18.0], [24, 21.0], [24, 10.5], [24, 6.0], (0, 0), [29.25, 10.5], [32.5, 12.0], [41.0, 15.0], [26, 21.0]]",9,R6
296,260,"[[44.25, 12.0], [44.25, 9.0], [44.25, 6.0], [41.0, 10.5], [29.25, 12.0], [28.0, 16.5], [26, 16.5], [24, 19.5], [24, 10.5], [15.25, 10.5], (0, 0), [19.5, 9.0], [19.5, 18.0], [44.25, 12.0]]",9,R7
297,240,"[[45.5, 15.0], [42.25, 16.5], [24, 16.5], [24, 13.5], [24, 10.5], [15.25, 10.5], (0, 0), [20.75, 6.0], [20.75, 9.0], [20.75, 12.0], [20.75, 22.5], [22.75, 21.0], [22.75, 12.0], [32.5, 15.0], [45.5, 15.0]]",9,R8
298,56,"[[19.5, 9.0], (0, 0), [19.5, 9.0]]",9,R9
299,193,"[[26, 10.5], [26, 15.0], [26, 16.5], [45.5, 22.5], [34.5, 15.0], [24, 21.0], [22.75, 12.0], (0, 0), [20.75, 12.0], [26, 10.5]]",9,R10
300,248,"[[41.0, 10.5], [41.0, 15.0], [42.25, 16.5], [44.25, 21.0], [28.0, 16.5], [28.0, 15.0], [26, 16.5], [20.75, 12.0], [20.75, 10.5], [20.75, 9.0], (0, 0), [24, 9.0], [48.75, 10.5], [41.0, 10.5]]",9,R1
301,244,"[[22.75, 13.5], [20.75, 22.5], [20.75, 12.0], [20.75, 10.5], (0, 0), [24, 9.0], [48.75, 12.0], [44.25, 9.0], [34.5, 9.0], [34.5, 12.0], [28.0, 22.5], [28.0, 16.5], [22.75, 13.5]]",9,R2
302,221,"[[41.0, 15.0], [26, 13.5], [24, 18.0], [22.75, 13.5], [22.75, 15.0], [19.5, 18.0], [19.5, 21.0], [20.75, 22.5], [20.75, 12.0], (0, 0), [34.5, 9.0], [41.0, 15.0]]",9,R3
303,219,"[[32.5, 21.0], [28.0, 16.5], [24, 21.0], [24, 13.5], [19.5, 21.0], [22.75, 13.5], (0, 0), [48.75, 6.0], [47.5, 22.5], [37.75, 21.0], [32.5, 21.0]]",9,R4
304,222,"[[26, 15.0], [22.75, 16.5], [22.75, 13.5], [22.75, 10.5], [20.75, 18.0], [20.75, 12.0], [20.75, 10.5], [19.5, 9.0], (0, 0), [39.0, 9.0], [45.5, 16.5], [26, 15.0]]",9,R5
305,286,"[[22.75, 6.0], [22.75, 12.0], [22.75, 13.5], [19.5, 18.0], [24, 21.0], [24, 15.0], [24, 13.5], [28.0, 15.0], [35.75, 13.5], [37.75, 13.5], [44.25, 12.0], [50.75, 9.0], [20.75, 6.0], (0, 0), [22.75, 6.0]]",9,R6
306,216,"[[24, 12.0], [24, 10.5], [24, 9.0], [20.75, 12.0], (0, 0), [22.75, 12.0], [22.75, 13.5], [41.0, 15.0], [52.0, 13.5], [24, 12.0]]",9,R7
307,238,"[[22.75, 13.5], [20.75, 22.5], [20.75, 10.5], [20.75, 6.0], (0, 0), [24, 13.5], [37.75, 13.5], [37.75, 21.0], [52.0, 13.5], [41.0, 15.0], [22.75, 13.5]]",9,R8
308,68,"[(0, 0), [22.75, 12.0], (0, 0)]",9,R9
309,235,"[[22.75, 12.0], [22.75, 16.5], [24, 13.5], [41.0, 15.0], [42.25, 15.0], [26, 10.5], [20.75, 10.5], [15.25, 10.5], (0, 0), [22.75, 12.0]]",9,R10
310,248,"[[20.75, 12.0], (0, 0), [15.25, 10.5], [19.5, 9.0], [22.75, 12.0], [22.75, 13.5], [26, 15.0], [29.25, 13.5], [42.25, 9.0], [24, 6.0], [24, 9.0], [20.75, 12.0]]",9,R1
311,253,"[[24, 9.0], [24, 13.5], [24, 16.5], [24, 18.0], [28.0, 22.5], [41.0, 19.5], [41.0, 10.5], [42.25, 10.5], [45.5, 10.5], [31.25, 10.5], [20.75, 6.0], [20.75, 12.0], (0, 0), [22.75, 12.0], [24, 9.0]]",9,R2
312,146,"[[22.75, 13.5], [22.75, 15.0], [20.75, 22.5], [37.75, 18.0], [24, 9.0], [24, 6.0], (0, 0), [22.75, 13.5]]",9,R3
313,314,"[[22.75, 13.5], [22.75, 10.5], [26, 6.0], [26, 15.0], [29.25, 13.5], [52.0, 13.5], [50.75, 9.0], [41.0, 9.0], [37.75, 12.0], [32.5, 6.0], [24, 10.5], (0, 0), [20.75, 12.0], [22.75, 13.5]]",9,R4
314,224,"[[24, 21.0], [24, 16.5], [24, 13.5], [24, 9.0], [22.75, 13.5], [22.75, 12.0], [22.75, 10.5], (0, 0), [44.25, 12.0], [42.25, 15.0], [41.0, 15.0], [37.75, 13.5], [24, 21.0]]",9,R5
315,227,"[[26, 16.5], [26, 15.0], [22.75, 16.5], [20.75, 22.5], [20.75, 16.5], [20.75, 10.5], (0, 0), [15.25, 12.0], [24, 9.0], [24, 13.5], [24, 16.5], [24, 19.5], [39.0, 15.0], [47.5, 22.5], [26, 16.5]]",9,R6
316,194,"[[22.75, 6.0], [22.75, 12.0], [22.75, 13.5], [22.75, 18.0], [20.75, 22.5], [37.75, 13.5], [41.0, 19.5], [42.25, 12.0], [24, 10.5], (0, 0), [22.75, 6.0]]",9,R7
317,156,"[[45.5, 16.5], [20.75, 18.0], [20.75, 9.0], (0, 0), [22.75, 13.5], [45.5, 16.5]]",9,R8
318,194,"[[26, 6.0], [44.25, 9.0], [44.25, 21.0], [41.0, 15.0], [37.75, 18.0], [20.75, 22.5], [24, 21.0], [24, 9.0], (0, 0), [26, 6.0]]",9,R9
319,220,"[(0, 0), [22.75, 13.5], [28.0, 16.5], [44.25, 21.0], [48.75, 12.0], [41.0, 10.5], [41.0, 13.5], [24, 13.5], [24, 6.0], (0, 0)]",9,R10
320,229,"[[26, 6.0], [24, 9.0], (0, 0), [22.75, 12.0], [22.75, 22.5], [32.5, 21.0], [32.5, 12.0], [42.25, 9.0], [41.0, 15.0], [31.25, 12.0], [26, 6.0]]",9,R1
321,267,"[[20.75, 6.0], [20.75, 10.5], [26, 6.0], [28.0, 6.0], [28.0, 15.0], [35.75, 21.0], [45.5, 16.5], [39.0, 12.0], [24, 12.0], [24, 15.0], [22.75, 16.5], [22.75, 15.0], [22.75, 13.5], [19.5, 13.5], (0, 0), [20.75, 6.0]]",9,R2
322,251,"[[42.25, 15.0], [39.0, 9.0], [32.5, 6.0], [32.5, 12.0], [24, 10.5], [15.25, 10.5], (0, 0), [19.5, 12.0], [20.75, 18.0], [22.75, 13.5], [22.75, 15.0], [42.25, 15.0]]",9,R3
323,221,"[[22.75, 12.0], [22.75, 21.0], [15.25, 21.0], [41.0, 15.0], [44.25, 21.0], [42.25, 15.0], [42.25, 13.5], [42.25, 10.5], [50.75, 9.0], (0, 0), [22.75, 12.0]]",9,R4
324,180,"[[20.75, 6.0], (0, 0), [22.75, 9.0], [24, 21.0], [26, 21.0], [37.75, 13.5], [41.0, 13.5], [20.75, 6.0]]",9,R5
325,156,"[[44.25, 21.0], [22.75, 19.5], [20.75, 6.0], (0, 0), [31.25, 9.0], [44.25, 21.0]]",9,R6
326,244,"[[24, 18.0], [24, 10.5], [22.75, 6.0], (0, 0), [20.75, 12.0], [19.5, 21.0], [37.75, 16.5], [44.25, 16.5], [44.25, 10.5], [50.75, 12.0], [47.5, 21.0], [24, 18.0]]",9,R7
327,275,"[[48.75, 22.5], [48.75, 21.0], [32.5, 21.0], [32.5, 13.5], [34.5, 9.0], [26, 6.0], [26, 15.0], [22.75, 13.5], [22.75, 12.0], [19.5, 21.0], [20.75, 12.0], [20.75, 9.0], (0, 0), [24, 10.5], [24, 13.5], [44.25, 16.5], [48.75, 22.5]]",9,R8
328,140,"[[45.5, 19.5], [20.75, 12.0], (0, 0), [45.5, 19.5]]",9,R9
329,196,"[[19.5, 21.0], [20.75, 12.0], [20.75, 9.0], (0, 0), [15.25, 9.0], [39.0, 9.0], [42.25, 9.0], [35.75, 15.0], [19.5, 21.0]]",9,R10
330,253,"[[22.75, 12.0], [22.75, 13.5], [32.5, 22.5], [34.5, 12.0], [44.25, 6.0], [44.25, 10.5], [44.25, 21.0], [41.0, 15.0], [41.0, 10.5], [24, 9.0], [20.75, 12.0], (0, 0), [19.5, 12.0], [22.75, 12.0]]",9,R1
331,262,"[[48.75, 12.0], [52.0, 13.5], [37.75, 18.0], [29.25, 13.5], [24, 19.5], [22.75, 16.5], [22.75, 15.0], [22.75, 6.0], (0, 0), [20.75, 12.0], [39.0, 9.0], [48.75, 12.0]]",9,R2
332,127,"[[24, 10.5], (0, 0), [39.0, 15.0], [24, 10.5]]",9,R3
333,181,"[(0, 0), [35.75, 13.5], [35.75, 15.0], [35.75, 16.5], [44.25, 21.0], [34.5, 15.0], [26, 21.0], [19.5, 21.0], [20.75, 9.0], (0, 0)]",9,R4
334,341,"[[29.25, 6.0], [32.5, 9.0], [32.5, 18.0], [34.5, 15.0], [35.75, 19.5], [41.0, 15.0], [45.5, 15.0], [37.75, 9.0], [26, 6.0], [24, 12.0], [24, 13.5], [22.75, 16.5], [19.5, 21.0], [20.75, 22.5], [20.75, 12.0], (0, 0), [15.25, 10.5], [15.25, 6.0], [28.0, 9.0], [29.25, 6.0]]",9,R5
335,295,"[[34.5, 12.0], [24, 12.0], [22.75, 12.0], (0, 0), [15.25, 10.5], [15.25, 6.0], [19.5, 9.0], [19.5, 21.0], [20.75, 22.5], [26, 16.5], [32.5, 18.0], [44.25, 16.5], [44.25, 6.0], [48.75, 12.0], [34.5, 12.0]]",9,R6
336,275,"[[24, 6.0], [26, 6.0], [34.5, 12.0], [52.0, 6.0], [52.0, 10.5], [41.0, 16.5], [28.0, 15.0], [24, 19.5], [24, 18.0], [19.5, 21.0], [15.25, 10.5], (0, 0), [20.75, 9.0], [20.75, 10.5], [24, 6.0]]",9,R7
337,80,"[[19.5, 21.0], (0, 0), [19.5, 21.0]]",9,R8
338,250,"[[47.5, 9.0], [41.0, 10.5], [37.75, 21.0], [32.5, 19.5], [28.0, 13.5], [26, 12.0], [22.75, 12.0], [22.75, 13.5], [19.5, 21.0], [19.5, 9.0], (0, 0), [47.5, 9.0]]",9,R9
339,90,"[[24, 21.0], (0, 0), [24, 21.0]]",9,R10
340,272,"[[44.25, 19.5], [45.5, 22.5], [47.5, 22.5], [37.75, 13.5], [39.0, 9.0], [32.5, 9.0], (0, 0), [20.75, 12.0], [19.5, 21.0], [19.5, 18.0], [22.75, 15.0], [24, 16.5], [26, 15.0], [44.25, 19.5]]",9,R1
341,229,"[[26, 18.0], [26, 6.0], (0, 0), [20.75, 12.0], [24, 21.0], [24, 18.0], [44.25, 19.5], [44.25, 10.5], [48.75, 12.0], [41.0, 15.0], [26, 18.0]]",9,R2
342,247,"[[20.75, 10.5], [22.75, 21.0], [24, 16.5], [24, 13.5], [26, 21.0], [42.25, 16.5], [44.25, 18.0], [47.5, 16.5], [47.5, 18.0], [35.75, 13.5], [29.25, 10.5], (0, 0), [20.75, 10.5]]",9,R3
343,323,"[[24, 9.0], [24, 10.5], [22.75, 6.0], [22.75, 13.5], [19.5, 21.0], [19.5, 15.0], [15.25, 10.5], (0, 0), [20.75, 12.0], [20.75, 10.5], [26, 6.0], [32.5, 6.0], [45.5, 10.5], [45.5, 21.0], [44.25, 21.0], [47.5, 21.0], [52.0, 12.0], [41.0, 10.5], [24, 9.0]]",9,R4
344,92,"[[32.5, 13.5], (0, 0), [32.5, 13.5]]",9,R5
345,82,"[[28.0, 13.5], (0, 0), [28.0, 13.5]]",9,R6
346,250,"[[24, 6.0], [20.75, 10.5], (0, 0), [22.75, 9.0], [22.75, 18.0], [19.5, 21.0], [28.0, 15.0], [42.25, 16.5], [48.75, 12.0], [50.75, 9.0], [24, 6.0]]",9,R7
347,276,"[[20.75, 10.5], (0, 0), [22.75, 13.5], [24, 13.5], [32.5, 15.0], [34.5, 18.0], [41.0, 22.5], [44.25, 22.5], [47.5, 21.0], [45.5, 15.0], [42.25, 12.0], [39.0, 9.0], [20.75, 10.5]]",9,R8
348,215,"[[24, 6.0], [24, 10.5], [24, 15.0], [24, 21.0], [44.25, 21.0], [44.25, 18.0], [41.0, 15.0], [37.75, 13.5], [22.75, 13.5], [22.75, 18.0], [20.75, 13.5], (0, 0), [24, 6.0]]",9,R9
349,72,"[(0, 0), [22.75, 13.5], (0, 0)]",9,R10
350,246,"[[26, 15.0], [26, 22.5], [22.75, 16.5], [22.75, 13.5], [22.75, 12.0], (0, 0), [24, 12.0], [35.75, 10.5], [47.5, 9.0], [44.25, 16.5], [41.0, 13.5], [26, 15.0]]",9,R1
351,251,"[[20.75, 12.0], [22.75, 13.5], [24, 19.5], [26, 21.0], [29.25, 13.5], [41.0, 15.0], [42.25, 12.0], [37.75, 6.0], [28.0, 6.0], [24, 6.0], (0, 0), [20.75, 12.0]]",9,R2
352,261,"[[44.25, 18.0], [44.25, 10.5], [47.5, 10.5], [47.5, 16.5], [45.5, 19.5], [37.75, 19.5], [19.5, 21.0], [22.75, 13.5], [20.75, 9.0], (0, 0), [35.75, 9.0], [41.0, 10.5], [44.25, 18.0]]",9,R3
353,121,"[[35.75, 19.5], [34.5, 16.5], (0, 0), [35.75, 19.5]]",9,R4
354,225,"[[22.75, 16.5], [22.75, 12.0], [19.5, 19.5], [19.5, 21.0], [20.75, 10.5], (0, 0), [28.0, 6.0], [44.25, 6.0], [44.25, 16.5], [42.25, 15.0], [41.0, 15.0], [22.75, 16.5]]",9,R5
355,244,"[[24, 15.0], [26, 16.5], [26, 18.0], [28.0, 16.5], [39.0, 19.5], [41.0, 18.0], [42.25, 16.5], [45.5, 13.5], [37.75, 6.0], (0, 0), [22.75, 13.5], [24, 15.0]]",9,R6
356,231,"[[20.75, 12.0], [24, 16.5], [24, 6.0], [45.5, 6.0], [45.5, 15.0], [45.5, 19.5], [47.5, 22.5], [37.75, 15.0], [34.5, 16.5], [22.75, 13.5], [22.75, 12.0], (0, 0), [20.75, 12.0]]",9,R7
357,235,"[[24, 12.0], [24, 9.0], [24, 6.0], [31.25, 12.0], [48.75, 22.5], [41.0, 15.0], [35.75, 16.5], [26, 15.0], [26, 6.0], [22.75, 12.0], (0, 0), [24, 12.0]]",9,R8
358,234,"[[22.75, 15.0], [45.5, 16.5], [44.25, 21.0], [44.25, 12.0], [41.0, 15.0], [41.0, 10.5], [26, 10.5], [24, 6.0], [20.75, 10.5], (0, 0), [22.75, 15.0]]",9,R9
359,290,"[[20.75, 12.0], [22.75, 19.5], [22.75, 13.5], [24, 16.5], [41.0, 15.0], [45.5, 12.0], [52.0, 13.5], [34.5, 19.5], [29.25, 12.0], [26, 10.5], (0, 0), [20.75, 12.0]]",9,R10
360,232,"[[20.75, 10.5], [20.75, 12.0], [20.75, 13.5], [26, 13.5], [29.25, 18.0], [42.25, 15.0], [45.5, 13.5], [47.5, 10.5], [24, 6.0], (0, 0), [20.75, 10.5]]",9,R1
361,219,"[[26, 16.5], [41.0, 18.0], [41.0, 13.5], [24, 18.0], [22.75, 13.5], [19.5, 9.0], [15.25, 10.5], (0, 0), [20.75, 12.0], [26, 16.5]]",9,R2
362,249,"[(0, 0), [19.5, 21.0], [24, 21.0], [37.75, 21.0], [37.75, 6.0], [42.25, 9.0], [45.5, 10.5], [44.25, 12.0], [34.5, 12.0], [31.25, 9.0], (0, 0)]",9,R3
363,320,"[[44.25, 12.0], [44.25, 16.5], [35.75, 13.5], [32.5, 21.0], [32.5, 22.5], [28.0, 16.5], [28.0, 10.5], [20.75, 12.0], [19.5, 21.0], [15.25, 10.5], (0, 0), [22.75, 12.0], [24, 9.0], [37.75, 12.0], [50.75, 10.5], [44.25, 12.0]]",9,R4
364,74,"[[22.75, 15.0], (0, 0), [22.75, 15.0]]",9,R5
365,102,"[[42.25, 9.0], (0, 0), [42.25, 9.0]]",9,R6
366,287,"[[34.5, 16.5], [24, 18.0], [24, 9.0], [22.75, 10.5], [22.75, 12.0], [22.75, 15.0], [20.75, 12.0], [20.75, 10.5], (0, 0), [41.0, 10.5], [41.0, 18.0], [48.75, 16.5], [52.0, 13.5], [45.5, 16.5], [44.25, 18.0], [34.5, 16.5]]",9,R7
367,130,"[[24, 9.0], (0, 0), [47.5, 9.0], [24, 9.0]]",9,R8
368,279,"[[20.75, 10.5], [20.75, 13.5], [20.75, 6.0], (0, 0), [15.25, 10.5], [26, 6.0], [34.5, 12.0], [35.75, 16.5], [39.0, 12.0], [41.0, 10.5], [50.75, 9.0], [24, 9.0], [20.75, 10.5]]",9,R9
369,110,"[(0, 0), [32.5, 22.5], (0, 0)]",9,R10
370,248,"[[47.5, 10.5], [48.75, 12.0], [45.5, 19.5], [22.75, 18.0], [19.5, 21.0], [26, 12.0], [24, 9.0], (0, 0), [39.0, 9.0], [47.5, 10.5]]",9,R1
371,280,"[[45.5, 22.5], [45.5, 10.5], [42.25, 9.0], [32.5, 9.0], [31.25, 9.0], (0, 0), [19.5, 9.0], [19.5, 21.0], [28.0, 15.0], [34.5, 13.5], [44.25, 19.5], [44.25, 21.0], [52.0, 13.5], [45.5, 22.5]]",9,R2
372,195,"[[24, 21.0], [22.75, 19.5], [22.75, 18.0], [22.75, 15.0], [19.5, 21.0], [15.25, 10.5], (0, 0), [28.0, 9.0], [39.0, 9.0], [39.0, 10.5], [26, 16.5], [24, 21.0]]",9,R3
373,290,"[[42.25, 10.5], [44.25, 9.0], [45.5, 15.0], [41.0, 15.0], [19.5, 21.0], [19.5, 9.0], (0, 0), [20.75, 9.0], [20.75, 12.0], [22.75, 12.0], [22.75, 15.0], [26, 15.0], [28.0, 15.0], [28.0, 10.5], [42.25, 10.5]]",9,R4
374,266,"[[26, 16.5], [24, 18.0], [20.75, 18.0], (0, 0), [22.75, 6.0], [32.5, 6.0], [50.75, 9.0], [42.25, 12.0], [44.25, 21.0], [41.0, 16.5], [28.0, 16.5], [26, 16.5]]",9,R5
375,222,"[[22.75, 15.0], [19.5, 21.0], [24, 16.5], [35.75, 21.0], [34.5, 10.5], [48.75, 6.0], [26, 12.0], (0, 0), [22.75, 15.0]]",9,R6
376,227,"[[26, 12.0], [26, 6.0], [24, 9.0], [24, 18.0], [24, 19.5], [22.75, 13.5], [20.75, 12.0], (0, 0), [42.25, 10.5], [45.5, 10.5], [26, 12.0]]",9,R7
377,232,"[[26, 10.5], (0, 0), [24, 6.0], [24, 9.0], [24, 18.0], [20.75, 18.0], [37.75, 13.5], [42.25, 15.0], [50.75, 9.0], [26, 10.5]]",9,R8
378,169,"[(0, 0), [22.75, 6.0], [22.75, 12.0], [19.5, 18.0], [19.5, 21.0], [32.5, 19.5], [37.75, 21.0], [28.0, 21.0], [24, 13.5], (0, 0)]",9,R9
379,256,"[[22.75, 12.0], [22.75, 15.0], [24, 18.0], [24, 13.5], [24, 9.0], [24, 6.0], [26, 10.5], [39.0, 9.0], [44.25, 10.5], [44.25, 22.5], [41.0, 13.5], [20.75, 12.0], [20.75, 10.5], [19.5, 6.0], (0, 0), [22.75, 12.0]]",9,R10
380,207,"[[35.75, 22.5], [35.75, 21.0], [35.75, 19.5], [35.75, 13.5], [44.25, 22.5], [42.25, 18.0], [42.25, 12.0], [24, 6.0], (0, 0), [20.75, 9.0], [20.75, 10.5], [19.5, 21.0], [28.0, 13.5], [35.75, 22.5]]",9,R1
381,149,"[[34.5, 6.0], [34.5, 15.0], [35.75, 22.5], [32.5, 18.0], [24, 19.5], [19.5, 21.0], (0, 0), [34.5, 6.0]]",9,R2
382,222,"[[44.25, 9.0], [44.25, 10.5], [44.25, 22.5], [45.5, 19.5], [26, 13.5], [19.5, 21.0], [20.75, 9.0], (0, 0), [35.75, 10.5], [47.5, 6.0], [44.25, 9.0]]",9,R3
383,293,"[[42.25, 9.0], [44.25, 10.5], [44.25, 21.0], [45.5, 22.5], [45.5, 15.0], [47.5, 21.0], [52.0, 12.0], [35.75, 13.5], [32.5, 21.0], [24, 21.0], [19.5, 21.0], [22.75, 15.0], [22.75, 13.5], [22.75, 6.0], (0, 0), [37.75, 10.5], [42.25, 9.0]]",9,R4
384,200,"[[22.75, 15.0], [19.5, 21.0], [20.75, 18.0], [39.0, 19.5], [39.0, 18.0], [44.25, 22.5], [47.5, 9.0], [32.5, 6.0], (0, 0), [22.75, 15.0]]",9,R5
385,214,"[[45.5, 19.5], [34.5, 21.0], [34.5, 15.0], [32.5, 19.5], [19.5, 21.0], [24, 12.0], [20.75, 9.0], (0, 0), [44.25, 9.0], [45.5, 19.5]]",9,R6
386,116,"[[35.75, 22.5], (0, 0), [35.75, 22.5]]",9,R7
387,240,"[[24, 10.5], [47.5, 9.0], [47.5, 10.5], [48.75, 12.0], [32.5, 19.5], [26, 22.5], [26, 10.5], [19.5, 21.0], [22.75, 13.5], (0, 0), [24, 10.5]]",9,R8
388,80,"[(0, 0), [19.5, 21.0], (0, 0)]",9,R9
389,215,"[[44.25, 18.0], [35.75, 21.0], [35.75, 13.5], [35.75, 10.5], [31.25, 10.5], [26, 6.0], (0, 0), [19.5, 21.0], [34.5, 22.5], [47.5, 15.0], [47.5, 13.5], [44.25, 18.0]]",9,R10
390,231,"[[47.5, 10.5], [45.5, 10.5], [35.75, 12.0], [32.5, 22.5], [32.5, 21.0], [28.0, 21.0], [24, 16.5], [19.5, 21.0], [22.75, 12.0], (0, 0), [47.5, 10.5]]",9,R1
391,242,"[[20.75, 16.5], [22.75, 16.5], [22.75, 15.0], [22.75, 13.5], (0, 0), [24, 12.0], [31.25, 9.0], [39.0, 9.0], [39.0, 16.5], [47.5, 22.5], [44.25, 13.5], [32.5, 19.5], [20.75, 16.5]]",9,R2
392,221,"[[22.75, 6.0], [22.75, 12.0], [22.75, 21.0], [32.5, 19.5], [35.75, 12.0], [35.75, 9.0], [47.5, 12.0], [45.5, 10.5], [20.75, 6.0], [15.25, 6.0], (0, 0), [22.75, 6.0]]",9,R3
393,267,"[[20.75, 12.0], [19.5, 21.0], [22.75, 13.5], [26, 22.5], [28.0, 18.0], [32.5, 21.0], [32.5, 18.0], [45.5, 22.5], [48.75, 16.5], [47.5, 16.5], [42.25, 15.0], [24, 13.5], (0, 0), [20.75, 12.0]]",9,R4
394,264,"[[45.5, 10.5], [37.75, 6.0], [37.75, 13.5], [34.5, 15.0], [34.5, 12.0], [22.75, 12.0], [19.5, 21.0], [15.25, 21.0], [20.75, 12.0], (0, 0), [48.75, 12.0], [45.5, 10.5]]",9,R5
395,86,"[[22.75, 21.0], (0, 0), [22.75, 21.0]]",9,R6
396,310,"[[48.75, 10.5], [47.5, 12.0], [45.5, 19.5], [41.0, 13.5], [41.0, 21.0], [32.5, 18.0], [24, 21.0], [24, 13.5], [19.5, 21.0], [15.25, 10.5], (0, 0), [20.75, 10.5], [39.0, 12.0], [44.25, 12.0], [48.75, 10.5]]",9,R7
397,226,"[[22.75, 9.0], [24, 12.0], [24, 13.5], [19.5, 21.0], [26, 18.0], [34.5, 15.0], [39.0, 9.0], [47.5, 9.0], (0, 0), [22.75, 9.0]]",9,R8
398,241,"[[22.75, 15.0], [22.75, 19.5], [19.5, 21.0], [20.75, 21.0], [24, 16.5], [31.25, 21.0], [44.25, 19.5], [44.25, 9.0], [47.5, 6.0], [50.75, 9.0], [41.0, 9.0], (0, 0), [22.75, 15.0]]",9,R9
399,111,"[(0, 0), [19.5, 18.0], [31.25, 9.0], (0, 0)]",9,R10
400,58,"[[20.75, 9.0], (0, 0), [20.75, 9.0]]",9,R1
401,226,"[[22.75, 9.0], [28.0, 21.0], [31.25, 22.5], [48.75, 19.5], [48.75, 21.0], [47.5, 22.5], [47.5, 10.5], [47.5, 9.0], [52.0, 6.0], [41.0, 10.5], [39.0, 9.0], (0, 0), [22.75, 9.0]]",9,R2
402,256,"[[52.0, 9.0], [42.25, 16.5], [41.0, 21.0], [41.0, 15.0], [37.75, 21.0], [28.0, 13.5], [26, 15.0], [26, 22.5], [22.75, 12.0], (0, 0), [24, 9.0], [52.0, 9.0]]",9,R3
403,314,"[[20.75, 6.0], [20.75, 16.5], [24, 16.5], [28.0, 15.0], [37.75, 15.0], [42.25, 18.0], [44.25, 21.0], [52.0, 12.0], [39.0, 12.0], [34.5, 12.0], [22.75, 10.5], [19.5, 9.0], (0, 0), [20.75, 6.0]]",9,R4
404,219,"[[44.25, 22.5], [32.5, 19.5], [26, 22.5], [24, 18.0], [22.75, 13.5], [22.75, 15.0], [19.5, 21.0], [15.25, 10.5], (0, 0), [41.0, 9.0], [45.5, 12.0], [44.25, 22.5]]",9,R5
405,145,"[(0, 0), [24, 21.0], [39.0, 9.0], [34.5, 9.0], (0, 0)]",9,R6
406,254,"[[45.5, 10.5], [45.5, 22.5], [44.25, 15.0], [39.0, 15.0], [39.0, 9.0], [35.75, 10.5], [24, 10.5], (0, 0), [20.75, 9.0], [20.75, 22.5], [19.5, 21.0], [28.0, 16.5], [45.5, 10.5]]",9,R7
407,243,"[[39.0, 12.0], [47.5, 6.0], [47.5, 10.5], [47.5, 19.5], [41.0, 22.5], [35.75, 21.0], [26, 13.5], [22.75, 12.0], [22.75, 16.5], [20.75, 18.0], [20.75, 9.0], (0, 0), [34.5, 9.0], [39.0, 12.0]]",9,R8
408,262,"[[19.5, 21.0], [20.75, 22.5], [24, 13.5], [31.25, 22.5], [35.75, 21.0], [37.75, 21.0], [45.5, 22.5], [52.0, 13.5], [47.5, 10.5], [34.5, 12.0], (0, 0), [22.75, 13.5], [22.75, 15.0], [22.75, 16.5], [22.75, 19.5], [19.5, 21.0]]",9,R9
409,236,"[[19.5, 21.0], [24, 18.0], [32.5, 19.5], [34.5, 15.0], [35.75, 15.0], [45.5, 21.0], [42.25, 13.5], [26, 6.0], (0, 0), [22.75, 12.0], [19.5, 21.0]]",9,R10
410,270,"[[34.5, 9.0], [39.0, 9.0], [52.0, 10.5], [45.5, 18.0], [41.0, 19.5], [32.5, 15.0], [19.5, 21.0], [20.75, 18.0], [20.75, 10.5], (0, 0), [22.75, 13.5], [22.75, 10.5], [34.5, 9.0]]",9,R1
411,237,"[[20.75, 9.0], [19.5, 21.0], [24, 21.0], [24, 22.5], [44.25, 16.5], [47.5, 22.5], [45.5, 13.5], [48.75, 6.0], [52.0, 6.0], [39.0, 9.0], (0, 0), [20.75, 9.0]]",9,R2
412,292,"[[26, 16.5], [34.5, 15.0], [35.75, 15.0], [42.25, 13.5], [45.5, 10.5], [47.5, 9.0], (0, 0), [20.75, 6.0], [20.75, 10.5], [19.5, 21.0], [22.75, 13.5], [22.75, 15.0], [24, 13.5], [26, 16.5]]",9,R3
413,84,"[(0, 0), [26, 16.5], (0, 0)]",9,R4
414,175,"[[28.0, 16.5], [24, 19.5], [24, 16.5], [22.75, 13.5], [22.75, 12.0], (0, 0), [32.5, 6.0], [44.25, 22.5], [28.0, 16.5]]",9,R5
415,206,"[[15.25, 10.5], [19.5, 21.0], [24, 13.5], [35.75, 22.5], [35.75, 15.0], [45.5, 15.0], [39.0, 9.0], (0, 0), [15.25, 10.5]]",9,R6
416,162,"[[47.5, 9.0], [45.5, 15.0], [37.75, 13.5], (0, 0), [47.5, 9.0]]",9,R7
417,130,"[(0, 0), [22.75, 6.0], [22.75, 12.0], [41.0, 22.5], [41.0, 12.0], (0, 0)]",9,R8
418,202,"[[24, 12.0], [22.75, 15.0], [19.5, 21.0], [35.75, 21.0], [45.5, 13.5], [34.5, 9.0], (0, 0), [24, 12.0]]",9,R9
419,218,"[[26, 13.5], [26, 6.0], (0, 0), [19.5, 15.0], [19.5, 21.0], [15.25, 21.0], [31.25, 22.5], [34.5, 12.0], [35.75, 21.0], [41.0, 13.5], [44.25, 22.5], [26, 13.5]]",9,R10
420,222,"[[41.0, 15.0], [44.25, 21.0], [44.25, 10.5], [39.0, 9.0], [29.25, 6.0], (0, 0), [20.75, 9.0], [22.75, 21.0], [24, 19.5], [24, 18.0], [28.0, 16.5], [41.0, 15.0]]",9,R1
421,222,"[[22.75, 12.0], [22.75, 13.5], [19.5, 21.0], [24, 21.0], [24, 19.5], [24, 13.5], [24, 9.0], [31.25, 13.5], [37.75, 18.0], [37.75, 13.5], [37.75, 6.0], [50.75, 6.0], (0, 0), [22.75, 12.0]]",9,R2
422,262,"[[19.5, 21.0], [19.5, 18.0], [24, 19.5], [28.0, 22.5], [35.75, 21.0], [39.0, 15.0], [37.75, 16.5], [37.75, 13.5], [37.75, 10.5], [47.5, 10.5], [44.25, 10.5], [26, 6.0], (0, 0), [22.75, 12.0], [19.5, 21.0]]",9,R3
423,183,"[[26, 13.5], [26, 22.5], [19.5, 21.0], [24, 19.5], [24, 6.0], [22.75, 6.0], (0, 0), [44.25, 9.0], [26, 13.5]]",9,R4
424,225,"[[20.75, 9.0], [22.75, 13.5], [22.75, 15.0], [19.5, 21.0], [37.75, 21.0], [47.5, 18.0], [42.25, 15.0], [32.5, 6.0], [24, 9.0], (0, 0), [20.75, 9.0]]",9,R5
425,131,"[[41.0, 15.0], [24, 16.5], (0, 0), [41.0, 15.0]]",9,R6
426,219,"[[26, 19.5], [26, 22.5], [24, 21.0], [22.75, 13.5], (0, 0), [32.5, 12.0], [44.25, 10.5], [37.75, 13.5], [34.5, 15.0], [26, 19.5]]",9,R7
427,231,"[[20.75, 6.0], [20.75, 9.0], [20.75, 21.0], [22.75, 13.5], [31.25, 12.0], [47.5, 10.5], [50.75, 9.0], [42.25, 10.5], (0, 0), [20.75, 6.0]]",9,R8
428,257,"[[37.75, 15.0], [44.25, 21.0], [47.5, 10.5], [48.75, 12.0], [32.5, 12.0], [29.25, 10.5], (0, 0), [24, 6.0], [24, 9.0], [24, 12.0], [19.5, 21.0], [37.75, 15.0]]",9,R9
429,230,"[[44.25, 10.5], [44.25, 13.5], [44.25, 19.5], [45.5, 15.0], [37.75, 16.5], [26, 21.0], [22.75, 13.5], (0, 0), [28.0, 9.0], [32.5, 6.0], [39.0, 9.0], [44.25, 10.5]]",9,R10
430,247,"[(0, 0), [15.25, 10.5], [19.5, 21.0], [19.5, 19.5], [22.75, 15.0], [22.75, 13.5], [28.0, 15.0], [35.75, 18.0], [41.0, 22.5], [45.5, 22.5], [47.5, 13.5], [39.0, 9.0], [26, 6.0], (0, 0)]",9,R1
431,223,"[[42.25, 10.5], [45.5, 21.0], [45.5, 16.5], [45.5, 15.0], [44.25, 21.0], [26, 22.5], [20.75, 22.5], [22.75, 21.0], [24, 19.5], [24, 13.5], [24, 12.0], [24, 6.0], [22.75, 6.0], (0, 0), [28.0, 12.0], [42.25, 10.5]]",9,R2
432,136,"[[45.5, 22.5], (0, 0), [45.5, 22.5]]",9,R3
433,62,"[(0, 0), [19.5, 12.0], (0, 0)]",9,R4
434,237,"[[20.75, 9.0], [19.5, 21.0], [26, 18.0], [26, 15.0], [28.0, 16.5], [42.25, 15.0], [44.25, 21.0], [47.5, 10.5], [22.75, 10.5], (0, 0), [20.75, 9.0]]",9,R5
435,294,"[[32.5, 15.0], [32.5, 19.5], [31.25, 21.0], [26, 13.5], [22.75, 15.0], [19.5, 21.0], [20.75, 9.0], (0, 0), [35.75, 12.0], [44.25, 10.5], [52.0, 15.0], [41.0, 15.0], [32.5, 15.0]]",9,R6
436,215,"[(0, 0), [22.75, 12.0], [22.75, 15.0], [19.5, 21.0], [41.0, 15.0], [41.0, 13.5], [42.25, 15.0], [45.5, 18.0], [48.75, 12.0], (0, 0)]",9,R7
437,225,"[[20.75, 9.0], [24, 13.5], [24, 21.0], [22.75, 22.5], [32.5, 18.0], [35.75, 21.0], [45.5, 18.0], [48.75, 12.0], [26, 10.5], (0, 0), [20.75, 9.0]]",9,R8
438,224,"[[42.25, 18.0], [42.25, 16.5], [39.0, 12.0], [39.0, 9.0], (0, 0), [20.75, 9.0], [19.5, 21.0], [29.25, 13.5], [52.0, 13.5], [42.25, 18.0]]",9,R9
439,64,"[(0, 0), [26, 6.0], (0, 0)]",9,R10
440,84,"[(0, 0), [29.25, 13.5], (0, 0)]",9,R1
441,226,"[[20.75, 12.0], [20.75, 10.5], [20.75, 9.0], [20.75, 6.0], (0, 0), [22.75, 12.0], [22.75, 13.5], [22.75, 15.0], [41.0, 19.5], [41.0, 15.0], [45.5, 16.5], [47.5, 10.5], [31.25, 12.0], [31.25, 13.5], [20.75, 12.0]]",9,R2
442,64,"[[20.75, 12.0], (0, 0), [20.75, 12.0]]",9,R3
443,68,"[[22.75, 12.0], (0, 0), [22.75, 12.0]]",9,R4
444,62,"[(0, 0), [20.75, 10.5], (0, 0)]",9,R5
445,122,"[(0, 0), [24, 15.0], [32.5, 21.0], [26, 10.5], [26, 6.0], (0, 0)]",9,R6
446,223,"[[29.25, 13.5], [28.0, 18.0], [20.75, 21.0], [20.75, 12.0], [20.75, 9.0], (0, 0), [22.75, 12.0], [45.5, 10.5], [41.0, 21.0], [39.0, 16.5], [29.25, 13.5]]",9,R7
447,197,"[(0, 0), [22.75, 10.5], [24, 18.0], [24, 19.5], [26, 21.0], [26, 15.0], [47.5, 13.5], [41.0, 10.5], (0, 0)]",9,R8
448,244,"[[41.0, 15.0], [37.75, 21.0], [19.5, 15.0], [15.25, 12.0], (0, 0), [20.75, 12.0], [24, 19.5], [24, 12.0], [26, 6.0], [44.25, 10.5], [41.0, 15.0]]",9,R9
449,271,"[[28.0, 12.0], [28.0, 15.0], [28.0, 18.0], [35.75, 13.5], [47.5, 15.0], [39.0, 12.0], [29.25, 6.0], (0, 0), [20.75, 9.0], [19.5, 21.0], [24, 18.0], [26, 15.0], [26, 6.0], [28.0, 12.0]]",9,R10
450,163,"[[32.5, 21.0], [32.5, 16.5], [35.75, 21.0], [31.25, 16.5], [26, 22.5], [22.75, 18.0], [22.75, 13.5], [22.75, 12.0], (0, 0), [20.75, 12.0], [20.75, 21.0], [32.5, 21.0]]",9,R1
451,237,"[[20.75, 6.0], [24, 6.0], [24, 9.0], [24, 19.5], [22.75, 13.5], [45.5, 22.5], [45.5, 15.0], [47.5, 21.0], [47.5, 10.5], [42.25, 10.5], [39.0, 9.0], (0, 0), [20.75, 6.0]]",9,R2
452,231,"[[45.5, 16.5], [47.5, 10.5], [31.25, 6.0], [31.25, 16.5], [24, 19.5], [24, 9.0], [20.75, 9.0], [20.75, 12.0], (0, 0), [22.75, 12.0], [22.75, 13.5], [45.5, 16.5]]",9,R3
453,275,"[(0, 0), [20.75, 9.0], [20.75, 12.0], [22.75, 15.0], [24, 18.0], [24, 21.0], [26, 22.5], [28.0, 15.0], [29.25, 13.5], [37.75, 15.0], [47.5, 21.0], [45.5, 12.0], [44.25, 12.0], (0, 0)]",9,R4
454,72,"[[24, 12.0], (0, 0), [24, 12.0]]",9,R5
455,88,"[(0, 0), [26, 18.0], (0, 0)]",9,R6
456,205,"[[22.75, 10.5], [26, 22.5], [35.75, 16.5], [47.5, 21.0], [44.25, 9.0], [48.75, 6.0], [24, 6.0], (0, 0), [22.75, 10.5]]",9,R7
457,126,"[[19.5, 16.5], [32.5, 18.0], [26, 6.0], (0, 0), [19.5, 16.5]]",9,R8
458,80,"[[19.5, 21.0], (0, 0), [19.5, 21.0]]",9,R9
459,74,"[[24, 13.5], (0, 0), [24, 13.5]]",9,R10
460,195,"[[26, 6.0], (0, 0), [20.75, 9.0], [32.5, 18.0], [34.5, 15.0], [50.75, 12.0], [26, 6.0]]",9,R1
461,115,"[[35.75, 9.0], (0, 0), [24, 13.5], [35.75, 9.0]]",9,R2
462,206,"[(0, 0), [20.75, 6.0], [20.75, 18.0], [20.75, 22.5], [34.5, 15.0], [39.0, 18.0], [52.0, 9.0], [26, 10.5], (0, 0)]",9,R3
463,135,"[[15.25, 6.0], (0, 0), [20.75, 9.0], [41.0, 22.5], [15.25, 6.0]]",9,R4
464,183,"[[47.5, 10.5], [45.5, 16.5], [32.5, 22.5], [15.25, 10.5], (0, 0), [20.75, 9.0], [47.5, 10.5]]",9,R5
465,174,"[[19.5, 21.0], (0, 0), [39.0, 9.0], [45.5, 19.5], [29.25, 13.5], [19.5, 21.0]]",9,R6
466,200,"[[24, 6.0], [20.75, 9.0], (0, 0), [22.75, 13.5], [22.75, 15.0], [19.5, 21.0], [45.5, 22.5], [32.5, 18.0], [31.25, 16.5], [24, 6.0]]",9,R7
467,257,"[[19.5, 21.0], [20.75, 22.5], [22.75, 13.5], [22.75, 18.0], [26, 19.5], [26, 15.0], [35.75, 21.0], [37.75, 21.0], [47.5, 16.5], [44.25, 9.0], [24, 6.0], [20.75, 9.0], (0, 0), [15.25, 10.5], [19.5, 21.0]]",9,R8
468,318,"[[20.75, 9.0], [20.75, 22.5], [19.5, 21.0], [19.5, 18.0], [22.75, 15.0], [26, 18.0], [28.0, 15.0], [42.25, 13.5], [45.5, 22.5], [44.25, 10.5], [41.0, 10.5], [39.0, 9.0], [37.75, 12.0], [24, 10.5], (0, 0), [20.75, 9.0]]",9,R9
469,128,"[[47.5, 16.5], (0, 0), [47.5, 16.5]]",9,R10
470,178,"[[32.5, 18.0], [37.75, 21.0], [41.0, 10.5], [15.25, 6.0], (0, 0), [22.75, 10.5], [19.5, 21.0], [32.5, 18.0]]",9,R1
471,132,"[[26, 13.5], [37.75, 21.0], [20.75, 9.0], (0, 0), [26, 13.5]]",9,R2
472,74,"[(0, 0), [22.75, 15.0], (0, 0)]",9,R3
473,158,"[[44.25, 9.0], [39.0, 19.5], [19.5, 21.0], [20.75, 9.0], (0, 0), [44.25, 9.0]]",9,R4
474,98,"[(0, 0), [35.75, 13.5], (0, 0)]",9,R5
475,208,"[[15.25, 10.5], [19.5, 21.0], [19.5, 19.5], [26, 22.5], [31.25, 16.5], [44.25, 22.5], [39.0, 9.0], [35.75, 9.0], [20.75, 9.0], (0, 0), [15.25, 10.5]]",9,R6
476,246,"[[31.25, 22.5], [26, 19.5], [26, 15.0], [26, 10.5], [22.75, 9.0], [20.75, 9.0], [20.75, 6.0], (0, 0), [19.5, 13.5], [15.25, 21.0], [44.25, 16.5], [52.0, 13.5], [31.25, 22.5]]",9,R7
477,130,"[(0, 0), [45.5, 19.5], (0, 0)]",9,R8
478,206,"[[50.75, 13.5], [41.0, 19.5], [32.5, 18.0], [19.5, 21.0], [20.75, 9.0], (0, 0), [47.5, 10.5], [50.75, 13.5]]",9,R9
479,191,"[[19.5, 21.0], [20.75, 13.5], [20.75, 9.0], (0, 0), [26, 10.5], [26, 15.0], [47.5, 21.0], [45.5, 22.5], [44.25, 22.5], [32.5, 13.5], [19.5, 21.0]]",9,R10
480,80,"[(0, 0), [19.5, 21.0], (0, 0)]",9,R1
481,298,"[(0, 0), [20.75, 9.0], [20.75, 21.0], [19.5, 21.0], [15.25, 21.0], [22.75, 21.0], [31.25, 21.0], [34.5, 15.0], [35.75, 13.5], [44.25, 22.5], [45.5, 13.5], [48.75, 9.0], [39.0, 9.0], [37.75, 6.0], [32.5, 9.0], (0, 0)]",9,R2
482,311,"[[35.75, 9.0], [31.25, 6.0], [31.25, 16.5], [24, 18.0], [22.75, 21.0], [22.75, 15.0], [19.5, 21.0], [20.75, 9.0], (0, 0), [44.25, 9.0], [48.75, 6.0], [48.75, 9.0], [52.0, 12.0], [45.5, 21.0], [44.25, 21.0], [39.0, 16.5], [35.75, 9.0]]",9,R3
483,252,"[[22.75, 15.0], [19.5, 21.0], [32.5, 19.5], [35.75, 22.5], [45.5, 18.0], [41.0, 22.5], [41.0, 10.5], [42.25, 6.0], [26, 9.0], [24, 10.5], [20.75, 9.0], (0, 0), [22.75, 15.0]]",9,R4
484,260,"[[42.25, 10.5], [42.25, 18.0], [48.75, 22.5], [32.5, 22.5], [32.5, 19.5], [26, 22.5], [24, 15.0], [24, 10.5], [20.75, 9.0], [20.75, 18.0], [19.5, 21.0], [19.5, 18.0], [15.25, 12.0], (0, 0), [52.0, 6.0], [42.25, 10.5]]",9,R5
485,235,"[[52.0, 12.0], [47.5, 10.5], [47.5, 18.0], [26, 22.5], [19.5, 21.0], [20.75, 9.0], (0, 0), [24, 10.5], [24, 9.0], [42.25, 12.0], [52.0, 12.0]]",9,R6
486,218,"[[45.5, 13.5], [45.5, 15.0], [47.5, 21.0], [37.75, 19.5], [37.75, 13.5], [26, 22.5], [22.75, 15.0], [20.75, 13.5], [20.75, 9.0], (0, 0), [32.5, 10.5], [45.5, 13.5]]",9,R7
487,317,"[[22.75, 6.0], [22.75, 16.5], [19.5, 21.0], [15.25, 21.0], [24, 18.0], [28.0, 18.0], [37.75, 16.5], [41.0, 18.0], [44.25, 22.5], [44.25, 13.5], [48.75, 12.0], [47.5, 10.5], [39.0, 12.0], [20.75, 9.0], (0, 0), [22.75, 6.0]]",9,R8
488,324,"[[24, 10.5], [24, 6.0], [26, 10.5], [37.75, 12.0], [44.25, 12.0], [44.25, 16.5], [52.0, 13.5], [42.25, 18.0], [41.0, 18.0], [28.0, 15.0], [22.75, 21.0], [22.75, 15.0], [15.25, 21.0], [20.75, 12.0], (0, 0), [24, 10.5]]",9,R9
489,216,"[[45.5, 15.0], [47.5, 21.0], [44.25, 15.0], [41.0, 15.0], [28.0, 21.0], [20.75, 22.5], [20.75, 9.0], (0, 0), [48.75, 6.0], [45.5, 15.0]]",9,R10
490,248,"[[47.5, 18.0], [45.5, 22.5], [44.25, 15.0], [32.5, 15.0], [32.5, 18.0], [22.75, 15.0], [22.75, 10.5], (0, 0), [20.75, 9.0], [20.75, 16.5], [19.5, 21.0], [28.0, 18.0], [34.5, 15.0], [34.5, 12.0], [47.5, 18.0]]",9,R1
491,248,"[[19.5, 21.0], [26, 22.5], [39.0, 12.0], [41.0, 10.5], [41.0, 15.0], [42.25, 16.5], [48.75, 12.0], [45.5, 10.5], [22.75, 6.0], (0, 0), [19.5, 21.0]]",9,R2
492,277,"[[20.75, 9.0], [20.75, 22.5], [28.0, 18.0], [31.25, 16.5], [34.5, 21.0], [35.75, 21.0], [35.75, 10.5], [41.0, 13.5], [44.25, 16.5], [29.25, 13.5], [26, 9.0], [24, 10.5], (0, 0), [20.75, 9.0]]",9,R3
493,200,"[[42.25, 9.0], [42.25, 12.0], [45.5, 22.5], [22.75, 12.0], [22.75, 15.0], [19.5, 21.0], [20.75, 21.0], [20.75, 9.0], (0, 0), [15.25, 10.5], [42.25, 9.0]]",9,R4
494,101,"[[24, 6.0], [24, 16.5], [24, 18.0], [26, 15.0], (0, 0), [24, 6.0]]",9,R5
495,272,"[[26, 19.5], [24, 13.5], [19.5, 21.0], [20.75, 9.0], (0, 0), [35.75, 10.5], [35.75, 12.0], [41.0, 15.0], [42.25, 18.0], [45.5, 13.5], [44.25, 19.5], [34.5, 13.5], [26, 19.5]]",9,R6
496,232,"[[32.5, 12.0], [29.25, 6.0], [20.75, 6.0], [20.75, 9.0], (0, 0), [24, 13.5], [24, 15.0], [19.5, 21.0], [41.0, 15.0], [47.5, 10.5], [32.5, 12.0]]",9,R7
497,211,"[(0, 0), [20.75, 9.0], [19.5, 21.0], [24, 19.5], [24, 16.5], [41.0, 15.0], [47.5, 10.5], [29.25, 10.5], (0, 0)]",9,R8
498,90,"[[19.5, 21.0], [20.75, 6.0], (0, 0), [19.5, 21.0]]",9,R9
499,120,"[(0, 0), [44.25, 16.5], (0, 0)]",9,R10
500,259,"[[24, 9.0], [24, 10.5], [24, 13.5], [19.5, 21.0], [22.75, 13.5], [26, 22.5], [26, 10.5], [34.5, 9.0], [34.5, 12.0], [34.5, 15.0], [34.5, 16.5], [44.25, 22.5], [44.25, 16.5], [41.0, 12.0], [37.75, 9.0], (0, 0), [24, 9.0]]",9,R1
501,267,"[(0, 0), [20.75, 9.0], [20.75, 15.0], [20.75, 22.5], [19.5, 21.0], [19.5, 19.5], [32.5, 19.5], [34.5, 16.5], [37.75, 21.0], [41.0, 15.0], [45.5, 10.5], [47.5, 10.5], [24, 6.0], [22.75, 12.0], (0, 0)]",9,R2
502,230,"[[44.25, 12.0], [41.0, 22.5], [32.5, 22.5], [32.5, 16.5], [24, 13.5], [22.75, 21.0], [19.5, 21.0], [20.75, 16.5], [20.75, 9.0], (0, 0), [52.0, 9.0], [44.25, 12.0]]",9,R3
503,187,"[[19.5, 16.5], [15.25, 21.0], [22.75, 15.0], [22.75, 10.5], [20.75, 9.0], (0, 0), [24, 12.0], [24, 18.0], [34.5, 18.0], [19.5, 16.5]]",9,R4
504,277,"[[22.75, 6.0], (0, 0), [20.75, 9.0], [19.5, 21.0], [15.25, 21.0], [24, 19.5], [28.0, 15.0], [34.5, 13.5], [35.75, 22.5], [44.25, 16.5], [50.75, 9.0], [52.0, 6.0], [22.75, 6.0]]",9,R5
505,90,"[[20.75, 9.0], [19.5, 21.0], (0, 0), [20.75, 9.0]]",9,R6
506,192,"[(0, 0), [20.75, 6.0], [24, 6.0], [24, 9.0], [24, 18.0], [24, 19.5], [22.75, 21.0], [19.5, 21.0], [45.5, 19.5], [45.5, 12.0], [32.5, 9.0], (0, 0)]",9,R7
507,132,"[(0, 0), [44.25, 22.5], (0, 0)]",9,R8
508,136,"[[45.5, 22.5], (0, 0), [45.5, 22.5]]",9,R9
509,237,"[[41.0, 13.5], [31.25, 9.0], [31.25, 18.0], [19.5, 21.0], [19.5, 18.0], [22.75, 13.5], [20.75, 9.0], (0, 0), [52.0, 10.5], [41.0, 13.5]]",9,R10
510,62,"[(0, 0), [20.75, 10.5], (0, 0)]",9,R1
511,203,"[(0, 0), [20.75, 12.0], [19.5, 21.0], [32.5, 22.5], [35.75, 19.5], [37.75, 13.5], [41.0, 13.5], [44.25, 9.0], (0, 0)]",9,R2
512,246,"[[19.5, 18.0], [19.5, 21.0], [22.75, 15.0], [26, 22.5], [35.75, 18.0], [41.0, 19.5], [41.0, 15.0], [41.0, 22.5], [45.5, 18.0], [45.5, 22.5], [42.25, 9.0], [39.0, 10.5], [20.75, 9.0], (0, 0), [19.5, 6.0], [19.5, 18.0]]",9,R3
513,311,"[[22.75, 6.0], (0, 0), [15.25, 6.0], [19.5, 21.0], [24, 22.5], [26, 22.5], [28.0, 15.0], [32.5, 18.0], [35.75, 13.5], [41.0, 15.0], [44.25, 9.0], [52.0, 10.5], [47.5, 9.0], [39.0, 9.0], [22.75, 6.0]]",9,R4
514,168,"[(0, 0), [15.25, 6.0], [15.25, 21.0], [19.5, 18.0], [19.5, 21.0], [24, 15.0], [34.5, 15.0], [20.75, 9.0], (0, 0)]",9,R5
515,202,"[[22.75, 13.5], [19.5, 21.0], [20.75, 13.5], [20.75, 9.0], (0, 0), [15.25, 10.5], [50.75, 13.5], [22.75, 13.5]]",9,R6
516,110,"[[24, 13.5], [22.75, 18.0], [15.25, 10.5], (0, 0), [24, 13.5]]",9,R7
517,96,"[[26, 22.5], (0, 0), [26, 22.5]]",9,R8
518,94,"[[31.25, 16.5], (0, 0), [31.25, 16.5]]",9,R9
519,56,"[[22.75, 6.0], (0, 0), [22.75, 6.0]]",9,R10
520,62,"[(0, 0), [20.75, 10.5], (0, 0)]",9,R1
521,68,"[(0, 0), [22.75, 12.0], (0, 0)]",9,R2
522,86,"[[22.75, 21.0], (0, 0), [22.75, 21.0]]",9,R3
523,289,"[[41.0, 10.5], [41.0, 18.0], [48.75, 21.0], [50.75, 9.0], [34.5, 9.0], [24, 10.5], [20.75, 9.0], (0, 0), [15.25, 10.5], [19.5, 21.0], [22.75, 15.0], [26, 10.5], [41.0, 10.5]]",9,R4
524,262,"[(0, 0), [19.5, 21.0], [22.75, 18.0], [22.75, 21.0], [24, 21.0], [26, 22.5], [28.0, 15.0], [32.5, 18.0], [42.25, 18.0], [45.5, 15.0], [45.5, 10.5], [35.75, 9.0], [29.25, 10.5], [26, 6.0], (0, 0)]",9,R5
525,102,"[[42.25, 9.0], (0, 0), [42.25, 9.0]]",9,R6
526,66,"[(0, 0), [22.75, 10.5], (0, 0)]",9,R7
527,248,"[[32.5, 6.0], [32.5, 18.0], [35.75, 19.5], [35.75, 21.0], [45.5, 22.5], [44.25, 22.5], [44.25, 10.5], [39.0, 15.0], [34.5, 15.0], [22.75, 15.0], [19.5, 21.0], [15.25, 10.5], [15.25, 6.0], (0, 0), [32.5, 6.0]]",9,R8
528,127,"[(0, 0), [22.75, 13.5], [32.5, 18.0], [20.75, 9.0], (0, 0)]",9,R9
529,132,"[[44.25, 22.5], (0, 0), [44.25, 22.5]]",9,R10
530,97,"[[19.5, 21.0], [24, 13.5], (0, 0), [19.5, 21.0]]",9,R1
531,186,"[[31.25, 16.5], [26, 22.5], [26, 10.5], (0, 0), [15.25, 6.0], [19.5, 21.0], [24, 18.0], [44.25, 19.5], [31.25, 16.5]]",9,R2
532,180,"[(0, 0), [20.75, 9.0], [26, 10.5], [26, 21.0], [44.25, 10.5], [48.75, 9.0], (0, 0)]",9,R3
533,250,"[[22.75, 15.0], [19.5, 21.0], [26, 22.5], [28.0, 15.0], [31.25, 16.5], [34.5, 15.0], [47.5, 13.5], [45.5, 10.5], [32.5, 6.0], (0, 0), [22.75, 15.0]]",9,R4
534,232,"[(0, 0), [22.75, 6.0], [22.75, 10.5], [22.75, 15.0], [19.5, 21.0], [26, 22.5], [39.0, 18.0], [45.5, 22.5], [44.25, 12.0], [47.5, 9.0], [47.5, 10.5], [29.25, 6.0], [28.0, 9.0], (0, 0)]",9,R5
535,131,"[[41.0, 21.0], [19.5, 21.0], (0, 0), [41.0, 21.0]]",9,R6
536,194,"[[47.5, 12.0], [41.0, 18.0], [41.0, 13.5], [32.5, 19.5], [32.5, 22.5], [26, 19.5], [20.75, 21.0], [19.5, 9.0], (0, 0), [47.5, 12.0]]",9,R7
537,198,"[[20.75, 9.0], [20.75, 10.5], [20.75, 21.0], [44.25, 15.0], [44.25, 21.0], [45.5, 22.5], [47.5, 13.5], [47.5, 10.5], [24, 10.5], [22.75, 6.0], (0, 0), [20.75, 9.0]]",9,R8
538,278,"[(0, 0), [20.75, 9.0], [24, 12.0], [26, 13.5], [28.0, 18.0], [32.5, 21.0], [34.5, 15.0], [41.0, 15.0], [47.5, 19.5], [31.25, 12.0], [22.75, 12.0], (0, 0)]",9,R9
539,232,"[[41.0, 10.5], [42.25, 18.0], [28.0, 13.5], [26, 22.5], [26, 15.0], [22.75, 13.5], [15.25, 10.5], (0, 0), [34.5, 12.0], [41.0, 10.5]]",9,R10
540,176,"[[28.0, 16.5], [24, 21.0], [24, 9.0], (0, 0), [22.75, 15.0], [45.5, 15.0], [28.0, 16.5]]",9,R1
541,213,"[[41.0, 15.0], [41.0, 19.5], [35.75, 19.5], [34.5, 16.5], [31.25, 16.5], [28.0, 16.5], [26, 19.5], [24, 19.5], [20.75, 9.0], (0, 0), [41.0, 15.0]]",9,R2
542,197,"[[22.75, 21.0], [22.75, 18.0], [24, 16.5], [24, 21.0], [26, 22.5], [32.5, 18.0], [39.0, 9.0], [31.25, 6.0], [20.75, 6.0], (0, 0), [15.25, 21.0], [22.75, 21.0]]",9,R3
543,231,"[[39.0, 9.0], [41.0, 10.5], [45.5, 13.5], [47.5, 21.0], [48.75, 13.5], [26, 16.5], [24, 13.5], (0, 0), [39.0, 9.0]]",9,R4
544,210,"[[22.75, 6.0], [24, 6.0], [24, 13.5], [24, 16.5], [19.5, 19.5], [15.25, 21.0], [47.5, 21.0], [41.0, 13.5], [31.25, 6.0], (0, 0), [22.75, 6.0]]",9,R5
545,258,"[[42.25, 13.5], [41.0, 15.0], [41.0, 18.0], [26, 22.5], [20.75, 22.5], [22.75, 15.0], [24, 13.5], (0, 0), [34.5, 12.0], [37.75, 6.0], [50.75, 9.0], [42.25, 13.5]]",9,R6
546,213,"[(0, 0), [24, 10.5], [24, 12.0], [20.75, 16.5], [26, 15.0], [28.0, 18.0], [41.0, 15.0], [41.0, 10.5], [44.25, 10.5], (0, 0)]",9,R7
547,146,"[(0, 0), [47.5, 22.5], [48.75, 6.0], (0, 0)]",9,R8
548,204,"[[24, 13.5], [22.75, 21.0], [20.75, 16.5], [20.75, 9.0], (0, 0), [48.75, 9.0], [41.0, 13.5], [41.0, 16.5], [39.0, 19.5], [24, 13.5]]",9,R9
549,241,"[[20.75, 10.5], [41.0, 10.5], [41.0, 15.0], [44.25, 21.0], [44.25, 12.0], [47.5, 22.5], [42.25, 15.0], [35.75, 21.0], [26, 22.5], [26, 9.0], [22.75, 10.5], (0, 0), [20.75, 10.5]]",9,R10
550,266,"[[24, 10.5], [24, 16.5], [19.5, 16.5], [20.75, 22.5], [20.75, 9.0], (0, 0), [22.75, 13.5], [28.0, 18.0], [35.75, 21.0], [44.25, 21.0], [47.5, 21.0], [45.5, 12.0], [32.5, 9.0], [24, 10.5]]",9,R1
551,250,"[[20.75, 18.0], [20.75, 9.0], (0, 0), [28.0, 6.0], [28.0, 15.0], [28.0, 21.0], [32.5, 21.0], [45.5, 15.0], [41.0, 16.5], [41.0, 10.5], [42.25, 9.0], [34.5, 9.0], [22.75, 18.0], [20.75, 18.0]]",9,R2
552,276,"[[37.75, 21.0], [35.75, 19.5], [34.5, 18.0], [29.25, 13.5], [26, 22.5], [22.75, 19.5], [24, 13.5], [24, 9.0], [20.75, 9.0], (0, 0), [52.0, 9.0], [47.5, 10.5], [41.0, 16.5], [37.75, 21.0]]",9,R3
553,258,"[[41.0, 13.5], [41.0, 15.0], [32.5, 18.0], [31.25, 16.5], [22.75, 21.0], [15.25, 21.0], [20.75, 12.0], (0, 0), [24, 6.0], [26, 6.0], [26, 13.5], [52.0, 6.0], [41.0, 13.5]]",9,R4
554,201,"[[24, 21.0], [26, 22.5], [37.75, 21.0], [42.25, 16.5], [45.5, 13.5], [39.0, 10.5], [26, 6.0], (0, 0), [24, 9.0], [24, 10.5], [24, 21.0]]",9,R5
555,218,"[(0, 0), [28.0, 9.0], [32.5, 6.0], [48.75, 10.5], [52.0, 6.0], [31.25, 12.0], [26, 22.5], [24, 12.0], (0, 0)]",9,R6
